Sno,Candidate,Constituency âˆ‡,Party,Criminal Case,Education,Total Assets,Liabilities
379,KAMESHWAR BAITHA,Palamau,JMM,46,10th Pass,"Rs 5,70,000  ~ 5 Lacs+",Rs 0  ~
113,AHIR HANSARAJ GANGARAM,Chandrapur,BJP,30,10th Pass,"Rs 80,84,050  ~ 80 Lacs+","Rs 2,62,243  ~ 2 Lacs+"
41,CHANDRAKANT KHAIRE,Aurangabad,SHS,16,12th Pass,"Rs 1,41,51,539  ~ 1 Crore+","Rs 14,72,122  ~ 14 Lacs+"
378,M B Rajesh,Palakkad,CPM,16,Post Graduate,"Rs 11,05,474  ~ 11 Lacs+","Rs 5,04,893  ~ 5 Lacs+"
397,VITTHALBHAI HANSRAJBHAI RADADIYA,Porbandar,INC,16,Graduate,"Rs 2,06,75,722  ~ 2 Crore+",Rs 0  ~
322,N Chaluvarayaswamy,Mandya,JD(S),15,12th Pass,"Rs 5,41,68,804  ~ 5 Crore+","Rs 41,25,000  ~ 41 Lacs+"
438,BHONSLE SHRIMANT CHH. UDYANRAJE PRATAPSINH,Satara,NCP,14,Others,"Rs 11,72,53,344  ~ 11 Crore+","Rs 18,00,000  ~ 18 Lacs+"
144,Tathagata Satpathy,Dhenkanal,BJD,13,12th Pass,"Rs 55,15,930  ~ 55 Lacs+",Rs 0  ~
262,P.Karunakaran,Kasaragod,CPM,12,Post Graduate,"Rs 1,78,23,645  ~ 1 Crore+",Rs 0  ~
44,RAMAKANT YADAV,Azamgarh,BJP,11,10th Pass,"Rs 2,44,94,000  ~ 2 Crore+",Rs 0  ~
106,JADHAV PRATAPRAO GANPATRAO,Buldhana,SHS,10,Graduate,"Rs 1,20,52,820  ~ 1 Crore+","Rs 45,41,550  ~ 45 Lacs+"
110,RAMKISHUN,Chandauli,SP,10,Graduate Professional,"Rs 46,72,785  ~ 46 Lacs+",Rs 0  ~
333,BAL KUMAR PATEL,Mirzapur,SP,10,12th Pass,"Rs 2,29,78,000  ~ 2 Crore+","Rs 1,16,95,272  ~ 1 Crore+"
5,GANDHI DILIPKUMAR MANSUKHLAL,Ahmednagar,BJP,9,10th Pass,"Rs 1,30,53,391  ~ 1 Crore+","Rs 9,55,351  ~ 9 Lacs+"
165,RAKESH SACHAN,Fatehpur,SP,7,Post Graduate,"Rs 4,09,55,595  ~ 4 Crore+",Rs 0  ~
326,BABAR GAJANAN DHARMSHI,Maval,SHS,7,Literate,"Rs 6,78,31,434  ~ 6 Crore+",Rs 0  ~
376,PATIL PADAMSINHA BAJIRAO,Osmanabad,NCP,7,Graduate Professional,"Rs 7,58,52,364  ~ 7 Crore+",Rs 0  ~
23,DEVENDRA NAGPAL,Amroha,RLD,6,Graduate,"Rs 13,24,25,712  ~ 13 Crore+","Rs 1,39,60,788  ~ 1 Crore+"
266,Yashbanta Narayan Singh Laguri,Keonjhar,BJD,6,Graduate,"Rs 5,75,000  ~ 5 Lacs+","Rs 1,50,00,000  ~ 1 Crore+"
365,CHANDRAKANT RAGHUNATH PATIL,Navsari,BJP,6,10th Pass,"Rs 24,20,83,697  ~ 24 Crore+","Rs 4,22,08,512  ~ 4 Crore+"
393,FEROZE VARUN GANDHI,Pilibhit,BJP,6,Graduate,"Rs 4,92,67,810  ~ 4 Crore+",Rs 0  ~
97,N. Dharamsingh,Bidar,INC,5,Post Graduate,"Rs 14,23,94,557  ~ 14 Crore+","Rs 4,39,58,832  ~ 4 Crore+"
291,TAPAS PAUL,Krishnanagar,AITC,5,Graduate,"Rs 96,14,227  ~ 96 Lacs+",Rs 0  ~
339,SANJAY BRIJKISHORLAL NIRUPAM,Mumbai North,INC,5,Graduate,"Rs 2,24,17,801  ~ 2 Crore+","Rs 37,27,000  ~ 37 Lacs+"
398,RAJKUMARI RATNA SINGH,Pratapgarh,INC,5,Graduate,"Rs 67,82,70,725  ~ 67 Crore+","Rs 10,02,000  ~ 10 Lacs+"
443,RAMA DEVI,Sheohar,BJP,5,Graduate Professional,"Rs 6,94,29,234  ~ 6 Crore+","Rs 8,83,367  ~ 8 Lacs+"
8,DHOTRE SANJAY SHAMRAO,Akola,BJP,4,Graduate Professional,"Rs 1,93,35,144  ~ 1 Crore+","Rs 22,21,980  ~ 22 Lacs+"
42,Sushil Kumar Singh,Aurangabad,JD(U),4,Post Graduate,"Rs 2,08,87,871  ~ 2 Crore+","Rs 7,41,199  ~ 7 Lacs+"
48,ADHIR RANJAN CHOWDHURY,Baharampur,INC,4,10th Pass,"Rs 2,99,43,557  ~ 2 Crore+","Rs 19,26,083  ~ 19 Lacs+"
78,MUNDE GOPINATHRAO PANDURANG,Beed,BJP,4,Graduate Professional,"Rs 6,22,50,603  ~ 6 Crore+","Rs 4,50,90,238  ~ 4 Crore+"
91,ASHOK ARGAL,Bhind,BJP,4,12th Pass,"Rs 79,72,241  ~ 79 Lacs+","Rs 1,00,000  ~ 1 Lacs+"
201,SUBHASH BAPURAO WANKHEDE,Hingoli,SHS,4,10th Pass,"Rs 34,88,000  ~ 34 Lacs+","Rs 4,84,000  ~ 4 Lacs+"
207,Asaduddin Owaisi,Hyderabad,AIMIM,4,Graduate Professional,"Rs 93,02,233  ~ 93 Lacs+",Rs 0  ~
243,Bhakta Charan Das,Kalahandi,INC,4,Graduate Professional,"Rs 55,82,100  ~ 55 Lacs+","Rs 20,61,217  ~ 20 Lacs+"
263,NIKHIL KUMAR CHOUDHARY,Katihar,BJP,4,Graduate,"Rs 80,18,754  ~ 80 Lacs+","Rs 8,02,308  ~ 8 Lacs+"
327,Kodikunnil Suresh,Mavelikkara,INC,4,Graduate Professional,"Rs 16,52,747  ~ 16 Lacs+","Rs 77,210  ~ 77 Thou+"
346,KADEER RANA,Muzaffarnagar,BSP,4,Literate,"Rs 5,84,51,906  ~ 5 Crore+",Rs 0  ~
359,KHATGAONK PATIL BHASKARRAO BAPURAO,Nanded,INC,4,Graduate,"Rs 6,24,16,000  ~ 6 Crore+","Rs 2,60,000  ~ 2 Lacs+"
392,KAPIL MUNI KARWARIYA,Phulpur,BSP,4,Graduate Professional,Nil,Rs 0  ~
448,ADHALRAO SHIVAJI DATTATRAY,Shirur,SHS,4,Post Graduate,"Rs 12,71,13,134  ~ 12 Crore+","Rs 1,62,21,275  ~ 1 Crore+"
449,VINAY KUMAR ALIAS VINNU,Shrawasti,INC,4,Doctorate,"Rs 1,57,43,200  ~ 1 Crore+","Rs 5,89,157  ~ 5 Lacs+"
18,RAKESH PANDEY,Ambedkar Nagar,BSP,3,8th Pass,"Rs 16,40,78,904  ~ 16 Crore+",Rs 0  ~
34,PRADEEP KUMAR SINGH,Araria,BJP,3,10th Pass,"Rs 2,57,014  ~ 2 Lacs+","Rs 7,64,726  ~ 7 Lacs+"
57,H D KUMARA SWAMY,Bangalore Rural,JD(S),3,Graduate,"Rs 49,16,83,477  ~ 49 Crore+","Rs 33,62,37,223  ~ 33 Crore+"
129,PATEL NATUBHAI GOMANBHAI,Dadra & Nagar Haveli,BJP,3,5th Pass,"Rs 8,34,94,860  ~ 8 Crore+","Rs 34,26,035  ~ 34 Lacs+"
134,KIRTI AZAD,Darbhanga,BJP,3,Graduate,"Rs 97,89,047  ~ 97 Lacs+",Rs 0  ~
153,SHIBU SOREN,Dumka,JMM,3,10th Pass,"Rs 82,29,419  ~ 82 Lacs+","Rs 72,65,635  ~ 72 Lacs+"
187,SAMBASIVA RAO RAYAPATI,Guntur,INC,3,Graduate,"Rs 14,71,43,582  ~ 14 Crore+","Rs 4,52,04,329  ~ 4 Crore+"
220,DANVE RAOSAHEB DADARAO,Jalna,BJP,3,12th Pass,"Rs 2,42,71,518  ~ 2 Crore+","Rs 5,30,771  ~ 5 Lacs+"
253,K Sudhakaran Kavinte Arikathu,Kannur,INC,3,Post Graduate,"Rs 73,59,040  ~ 73 Lacs+","Rs 6,00,000  ~ 6 Lacs+"
256,Mahabali Singh,Karakat,JD(U),3,8th Pass,"Rs 61,94,257  ~ 61 Lacs+",Rs 0  ~
290,SUGAVANAM. E.G.,Krishnagiri,DMK,3,12th Pass,"Rs 1,69,74,157  ~ 1 Crore+","Rs 5,00,000  ~ 5 Lacs+"
382,PRABHATSINH PRATAPSINH CHAUHAN,Panchmahal,BJP,3,10th Pass,"Rs 72,55,000  ~ 72 Lacs+",Rs 0  ~
412,KUNVARJIBHAI MOHANBHAI BAVALIYA,Rajkot,INC,3,Graduate,"Rs 45,60,852  ~ 45 Lacs+","Rs 5,99,799  ~ 5 Lacs+"
439,GANESH SINGH,Satna,BJP,3,Post Graduate,"Rs 73,72,032  ~ 73 Lacs+","Rs 16,585  ~ 16 Thou+"
473,ADHIKARI SUVENDU,Tamluk,AITC,3,Graduate,"Rs 47,51,934  ~ 47 Lacs+",Rs 0  ~
487,SIVASAMI C,Tiruppur,ADMK,3,Post Graduate,"Rs 5,18,92,954  ~ 5 Crore+",Rs 0  ~
498,GUDDU PREMCHAND,Ujjain,INC,3,5th Pass,"Rs 10,50,31,313  ~ 10 Crore+","Rs 15,00,000  ~ 15 Lacs+"
501,Ananthkumar Hegde,Uttara Kannada,BJP,3,12th Pass,"Rs 64,27,192  ~ 64 Lacs+","Rs 39,55,458  ~ 39 Lacs+"
1,Ramesh Rathod,Adilabad,TDP,2,12th Pass,"Rs 34,10,000  ~ 34 Lacs+","Rs 8,15,241  ~ 8 Lacs+"
3,HARIN PATHAK,Ahmedabad East,BJP,2,Post Graduate,"Rs 1,45,78,184  ~ 1 Crore+","Rs 22,734  ~ 22 Thou+"
40,Adv A Sampath,Attingal,CPM,2,Post Graduate,"Rs 89,99,000  ~ 89 Lacs+","Rs 21,50,029  ~ 21 Lacs+"
80,Angadi Suresh Channabasappa,Belgaum,BJP,2,Graduate Professional,"Rs 22,17,34,263  ~ 22 Crore+","Rs 4,33,92,842  ~ 4 Crore+"
103,KALIKESH NARAYAN SINGH DEO,Bolangir,BJD,2,Graduate,"Rs 3,61,48,185  ~ 3 Crore+","Rs 14,31,104  ~ 14 Lacs+"
118,"THIRUMAAVALAVAN, THOL",Chidambaram,VCK,2,Post Graduate,"Rs 23,47,700  ~ 23 Lacs+","Rs 8,81,000  ~ 8 Lacs+"
139,PASHUPATI NATH SINGH,Dhanbad,BJP,2,Graduate,"Rs 39,43,516  ~ 39 Lacs+",Rs 0  ~
174,SURENDRA SINGH NAGAR,Gautam Budhha Nagar,BSP,2,Graduate,"Rs 49,20,84,300  ~ 49 Crore+",Rs 0  ~
179,DARA SINGH CHAUHAN,Ghosi,BSP,2,10th Pass,"Rs 20,44,115  ~ 20 Lacs+","Rs 9,27,848  ~ 9 Lacs+"
184,ADITYA NATH,Gorakhpur,BJP,2,Graduate,"Rs 21,82,212  ~ 21 Lacs+",Rs 0  ~
218,GHANSYAM ANURAGI,Jalaun,SP,2,Post Graduate,"Rs 63,50,833  ~ 63 Lacs+",Rs 0  ~
225,ARJUN MUNDA,Jamshedpur,BJP,2,Graduate Professional,"Rs 1,23,84,895  ~ 1 Crore+","Rs 1,76,069  ~ 1 Lacs+"
232,MANGANI LAL MANDAL,Jhanjharpur,JD(U),2,Post Graduate,"Rs 53,98,803  ~ 53 Lacs+","Rs 17,09,884  ~ 17 Lacs+"
233,PRADEEP KUMAR JAIN,Jhansi,INC,2,Post Graduate,"Rs 33,43,719  ~ 33 Lacs+",Rs 0  ~
241,BRIJBHUSHAN SARAN SINGH,Kaiserganj,SP,2,Graduate Professional,"Rs 5,35,37,885  ~ 5 Crore+",Rs 0  ~
261,TAMBIDURAI.M,Karur,ADMK,2,Doctorate,"Rs 9,37,50,227  ~ 9 Crore+",Rs 0  ~
283,N Peethambarakurup,Kollam,INC,2,Graduate,"Rs 28,10,132  ~ 28 Lacs+",Rs 0  ~
310,Uma Shanaker Singh,Maharajganj,RJD,2,10th Pass,"Rs 1,01,45,601  ~ 1 Crore+","Rs 4,50,000  ~ 4 Lacs+"
312,K. CHANDRASEKHARA RAO,Mahbubnagar,TRS,2,Graduate,"Rs 2,26,69,420  ~ 2 Crore+",Rs 0  ~
341,SANJAY DINA PATIL,Mumbai North East,NCP,2,Graduate,"Rs 43,23,503  ~ 43 Lacs+",Rs 0  ~
358,GANDHISELVAN.S,Namakkal,DMK,2,Post Graduate,"Rs 40,70,482  ~ 40 Lacs+",Rs 0  ~
362,VENUGOPALA REDDY MODUGULA,Narasaraopet,TDP,2,Graduate Professional,"Rs 2,74,93,309  ~ 2 Crore+","Rs 51,964  ~ 51 Thou+"
384,DR. SANJAY JAISWAL,Paschim Champaran,BJP,2,Post Graduate,"Rs 1,09,50,474  ~ 1 Crore+","Rs 11,69,173  ~ 11 Lacs+"
401,UDAY SINGH ALIAS PAPPU SINGH,Purnia,BJP,2,12th Pass,"Rs 41,91,30,669  ~ 41 Crore+","Rs 14,10,120  ~ 14 Lacs+"
409,V Arun Kumar,Rajahmundry,INC,2,Graduate Professional,"Rs 1,30,73,077  ~ 1 Crore+","Rs 9,79,680  ~ 9 Lacs+"
416,SIVAKUMAR @ J.K. RITHEESH. K,Ramanathapuram,DMK,2,Graduate,"Rs 12,28,20,653  ~ 12 Crore+","Rs 40,00,000  ~ 40 Lacs+"
429,SEMMALAI S,Salem,ADMK,2,Graduate Professional,"Rs 4,62,20,339  ~ 4 Crore+","Rs 59,000  ~ 59 Thou+"
455,ASHOK TANWAR,Sirsa,INC,2,Post Graduate,"Rs 2,36,64,959  ~ 2 Crore+",Rs 0  ~
477,DR.SANJEEV GANESH NAIK,Thane,NCP,2,12th Pass,"Rs 3,04,15,344  ~ 3 Crore+",Rs 0  ~
506,KISANBHAI VESTABHAI PATEL,Valsad,INC,2,12th Pass,"Rs 15,20,245  ~ 15 Lacs+",Rs 0  ~
16,G V Harsha Kumar,Amalapuram,INC,1,Post Graduate,"Rs 72,89,000  ~ 72 Lacs+","Rs 10,14,298  ~ 10 Lacs+"
20,ADSUL ANANDRAO VITHOBA,Amravati,SHS,1,Graduate,"Rs 1,77,08,418  ~ 1 Crore+",Rs 0  ~
22,NAVJOT SINGH SIDHU,Amritsar,BJP,1,Graduate,"Rs 14,50,37,236  ~ 14 Crore+",Rs 0  ~
28,Shri Bishnu Pada Ray,Andaman & Nicobar Islands,BJP,1,Graduate,"Rs 12,41,034  ~ 12 Lacs+",Rs 0  ~
29,MANEKA GANDHI,Aonla,BJP,1,12th Pass,"Rs 17,56,85,977  ~ 17 Crore+",Rs 0  ~
39,Nityananda Pradhan,Aska,BJD,1,Post Graduate,"Rs 2,66,16,692  ~ 2 Crore+","Rs 15,25,000  ~ 15 Lacs+"
49,KAMAL KISHOR,Bahraich,INC,1,Graduate,"Rs 13,73,495  ~ 13 Lacs+",Rs 0  ~
54,R. K. SINGH PATEL,Banda,SP,1,Graduate,"Rs 3,41,07,955  ~ 3 Crore+",Rs 0  ~
55,P.C.Mohan,Bangalore Central,BJP,1,12th Pass,"Rs 5,37,29,000  ~ 5 Crore+","Rs 3,28,87,000  ~ 3 Crore+"
69,PRAVEEN SINGH ARON,Bareilly,INC,1,Graduate Professional,"Rs 28,80,19,293  ~ 28 Crore+","Rs 3,26,22,036  ~ 3 Crore+"
107,Jagda Nand singh,Buxar,RJD,1,Graduate Professional,"Rs 65,65,488  ~ 65 Lacs+","Rs 12,263  ~ 12 Thou+"
108,K P Dhanapalan,Chalakudy,INC,1,Graduate,"Rs 29,54,364  ~ 29 Lacs+",Rs 0  ~
120,KATTI RAMESH VISHWANATH,Chikkodi,BJP,1,12th Pass,"Rs 2,83,52,578  ~ 2 Crore+",Rs 0  ~
123,GIRIJA VYAS,Chittorgarh,INC,1,Doctorate,"Rs 87,21,354  ~ 87 Lacs+",Rs 0  ~
126,Nripendra Nath Ray,Coochbehar,AIFB,1,Graduate,"Rs 11,33,170  ~ 11 Lacs+",Rs 0  ~
131,Nalin Kumar Kateel,Dakshina Kannada,BJP,1,10th Pass,"Rs 53,91,279  ~ 53 Lacs+","Rs 28,44,596  ~ 28 Lacs+"
150,CHAVAN HARISHCHANDRA DEORAM,Dindori,BJP,1,Graduate,"Rs 85,15,581  ~ 85 Lacs+","Rs 15,20,114  ~ 15 Lacs+"
151,JAGDAMBIKA PAL,Domariyaganj,INC,1,Post Graduate,"Rs 4,97,20,730  ~ 4 Crore+","Rs 45,66,564  ~ 45 Lacs+"
158,GANESHAMURTHI.A.,Erode,MDMK,1,Graduate,"Rs 2,67,29,518  ~ 2 Crore+","Rs 10,85,323  ~ 10 Lacs+"
159,PREMDAS,Etawah,SP,1,Graduate,"Rs 42,28,828  ~ 42 Lacs+",Rs 0  ~
161,AVTAR SINGH BHADANA,Faridabad,INC,1,8th Pass,"Rs 4,05,73,585  ~ 4 Crore+",Rs 0  ~
170,LALKRISHNA KISHANCHAND ADVANI,Gandhinagar,BJP,1,Graduate Professional,"Rs 3,55,43,172  ~ 3 Crore+",Rs 0  ~
177,RAJNATH SINGH,Ghaziabad,BJP,1,Post Graduate,"Rs 1,49,02,703  ~ 1 Crore+",Rs 0  ~
178,RADHEY MOHAN SINGH,Ghazipur,SP,1,Graduate,"Rs 2,20,62,609  ~ 2 Crore+","Rs 17,52,447  ~ 17 Lacs+"
180,RAVINDRA KUMAR PANDEY,Giridih,BJP,1,Graduate,"Rs 3,27,22,762  ~ 3 Crore+","Rs 33,17,725  ~ 33 Lacs+"
183,PURNAMASI RAM,Gopalganj,JD(U),1,10th Pass,"Rs 34,21,562  ~ 34 Lacs+","Rs 5,33,024  ~ 5 Lacs+"
194,HARISH RAWAT,Hardwar,INC,1,Graduate Professional,"Rs 1,18,25,335  ~ 1 Crore+",Rs 0  ~
199,YASHWANT SINHA,Hazaribagh,BJP,1,Post Graduate,"Rs 3,65,76,217  ~ 3 Crore+",Rs 0  ~
206,AMBICA BANERJEE,Howrah,AITC,1,Graduate Professional,"Rs 6,29,26,674  ~ 6 Crore+","Rs 72,33,333  ~ 72 Lacs+"
223,MADAN LAL SHARMA,Jammu,INC,1,10th Pass,"Rs 1,18,82,734  ~ 1 Crore+","Rs 1,49,750  ~ 1 Lacs+"
229,DHANANJAY SINGH,Jaunpur,BSP,1,Post Graduate,"Rs 43,62,656  ~ 43 Lacs+","Rs 6,78,982  ~ 6 Lacs+"
237,DINUBHAI BOGHABHAI SOLANKI,Junagadh,BJP,1,Graduate,"Rs 1,94,60,865  ~ 1 Crore+","Rs 59,45,896  ~ 59 Lacs+"
238,POONAMBEN VELJIBHAI JAT,Kachchh,BJP,1,12th Pass,"Rs 5,24,126  ~ 5 Lacs+",Rs 0  ~
245,SANKAR ADHI,Kallakurichi,DMK,1,Graduate Professional,"Rs 1,78,37,266  ~ 1 Crore+","Rs 9,86,068  ~ 9 Lacs+"
246,ANAND PRAKASH PARANJAPE,Kalyan,SHS,1,Post Graduate,"Rs 1,19,98,220  ~ 1 Crore+","Rs 38,71,225  ~ 38 Lacs+"
255,ADHIKARI SISIR KUMAR,Kanthi,AITC,1,12th Pass,"Rs 10,83,159  ~ 10 Lacs+",Rs 0  ~
267,DR. RATTAN SINGH AJNALA,Khadoor Sahib,SAD,1,Graduate Professional,"Rs 1,87,74,102  ~ 1 Crore+",Rs 0  ~
271,ARUN SUBHASHCHANDRA YADAV,Khandwa,INC,1,Graduate,"Rs 5,32,89,688  ~ 5 Crore+","Rs 2,75,62,966  ~ 2 Crore+"
277,Babu Lal Marandi,Kodarma,JVM(P),1,Graduate,"Rs 21,37,675  ~ 21 Lacs+",Rs 0  ~
296,RANEE NARAH,Lakhimpur,INC,1,Graduate,"Rs 5,39,76,290  ~ 5 Crore+",Rs 0  ~
299,AAWALE JAYWANT GANGARAM,Latur,INC,1,10th Pass,"Rs 3,04,85,766  ~ 3 Crore+",Rs 0  ~
306,SHARAD YADAV,Madhepura,JD(U),1,Graduate Professional,"Rs 1,41,07,050  ~ 1 Crore+",Rs 0  ~
318,SARVEY SATYANARAYANA,Malkajgiri,INC,1,Graduate Professional,"Rs 1,01,12,521  ~ 1 Crore+","Rs 1,16,848  ~ 1 Lacs+"
324,JAYANT K SINGH,Mathura,RLD,1,Post Graduate,"Rs 3,02,04,219  ~ 3 Crore+","Rs 2,88,327  ~ 2 Lacs+"
328,MANIAN O.S,Mayiladuthurai,ADMK,1,12th Pass,"Rs 86,35,089  ~ 86 Lacs+","Rs 20,00,000  ~ 20 Lacs+"
345,ABDUL MANNAN HOSSAIN,Murshidabad,INC,1,Graduate,"Rs 17,09,788  ~ 17 Lacs+","Rs 10,06,391  ~ 10 Lacs+"
353,YASHVIR SINGH,Nagina,SP,1,12th Pass,"Rs 7,84,562  ~ 7 Lacs+",Rs 0  ~
361,S.P.Y.REDDY,Nandyal,INC,1,Graduate Professional,"Rs 9,28,21,000  ~ 9 Crore+",Rs 0  ~
368,AJAY MAKAN,New Delhi,INC,1,Post Graduate,"Rs 4,01,48,040  ~ 4 Crore+","Rs 97,120  ~ 97 Thou+"
374,RAJEN GOHAIN,Nowgong,BJP,1,Graduate Professional,"Rs 1,02,10,891  ~ 1 Crore+","Rs 7,40,165  ~ 7 Lacs+"
381,BADRI RAM,Pali,INC,1,Literate,"Rs 6,02,43,814  ~ 6 Crore+","Rs 4,98,169  ~ 4 Lacs+"
385,RANJAN  PRASAD YADAV,Pataliputra,JD(U),1,Doctorate,"Rs 1,53,19,000  ~ 1 Crore+",Rs 0  ~
399,KALMADI SURESH,Pune,INC,1,Post Graduate,"Rs 12,81,65,624  ~ 12 Crore+",Rs 0  ~
405,S Pakkirappa,Raichur,BJP,1,5th Pass,"Rs 77,36,230  ~ 77 Lacs+",Rs 0  ~
406,ANANT GEETE,Raigad,SHS,1,10th Pass,"Rs 85,55,617  ~ 85 Lacs+",Rs 0  ~
414,Madhusudan Yadav,Rajnandgaon,BJP,1,12th Pass,"Rs 11,65,680  ~ 11 Lacs+",Rs 0  ~
418,WASNIK MUKUL BALKRISHNA,Ramtek,INC,1,Post Graduate,"Rs 31,11,932  ~ 31 Lacs+",Rs 0  ~
420,SUBODH KANT SAHAY,Ranchi,INC,1,Graduate,"Rs 2,71,79,918  ~ 2 Crore+",Rs 0  ~
422,DR.NILESH NARAYAN RANE,Ratnagiri Sindhudurg,INC,1,Doctorate,"Rs 3,05,61,862  ~ 3 Crore+",Rs 0  ~
434,PRATIK PRAKASHBAPU PATIL,Sangli,INC,1,Others,"Rs 2,21,37,000  ~ 2 Crore+","Rs 13,58,000  ~ 13 Lacs+"
459,OmPrakashYadav,Siwan,IND,1,Graduate,"Rs 30,32,500  ~ 30 Lacs+",Rs 0  ~
471,DARSNABEN VIKRAMBHAI JARDOS,Surat,BJP,1,Graduate,"Rs 90,21,338  ~ 90 Lacs+","Rs 3,95,000  ~ 3 Lacs+"
480,Shashi Tharoor,Thiruvananthapuram,INC,1,Doctorate,"Rs 21,24,42,472  ~ 21 Crore+",Rs 0  ~
500,ANNUTANDON,Unnao,INC,1,Graduate,"Rs 42,13,52,753  ~ 42 Crore+",Rs 0  ~
503,BALKRISHNA KHANDERAO SHUKLA,Vadodara,BJP,1,Graduate,"Rs 26,62,058  ~ 26 Lacs+","Rs 2,16,512  ~ 2 Lacs+"
505,BAIDYANATH PRASAD MAHTO,Valmiki Nagar,JD(U),1,10th Pass,"Rs 44,28,802  ~ 44 Lacs+","Rs 5,20,445  ~ 5 Lacs+"
507,DR. MURLI MANOHAR JOSHI,Varanasi,BJP,1,Doctorate,"Rs 5,44,75,345  ~ 5 Crore+",Rs 0  ~
514,B. JHANSI,Vizianagaram,INC,1,Post Graduate,"Rs 2,29,51,539  ~ 2 Crore+",Rs 0  ~
519,BHAVANA GAWALI (PATIL),Yavatmal-Washim,SHS,1,Graduate,"Rs 3,03,99,471  ~ 3 Crore+","Rs 24,30,911  ~ 24 Lacs+"
2,DR. RAMSHANKAR,Agra,BJP,0,Doctorate,"Rs 15,11,000  ~ 15 Lacs+","Rs 6,39,959  ~ 6 Lacs+"
4,KIRITBHAI PREMJIBHAI SOLANKI,Ahmedabad West,BJP,0,Graduate Professional,"Rs 2,61,22,439  ~ 2 Crore+","Rs 7,09,488  ~ 7 Lacs+"
6,SACHIN PILOT,Ajmer,INC,0,Post Graduate,"Rs 4,64,89,558  ~ 4 Crore+",Rs 0  ~
7,RAJARAM PAL,Akbarpur,INC,0,Graduate Professional,"Rs 44,00,000  ~ 44 Lacs+","Rs 8,38,099  ~ 8 Lacs+"
9,K C Venugopal,Alappuzha,INC,0,Post Graduate,"Rs 35,33,704  ~ 35 Lacs+","Rs 2,03,374  ~ 2 Lacs+"
10,P K Biju,Alathur,CPM,0,Post Graduate,"Rs 4,61,000  ~ 4 Lacs+",Rs 0  ~
11,RAJ KUMARI CHAUHAN,Aligarh,BSP,0,12th Pass,"Rs 3,40,34,506  ~ 3 Crore+",Rs 0  ~
12,Manohar Tirkey,Alipurduars,RSP,0,10th Pass,"Rs 23,58,725  ~ 23 Lacs+",Rs 0  ~
13,KUNWAR REWATI RAMAN SINGH ALIAS MANI JI,Allahabad,SP,0,Graduate Professional,"Rs 1,86,40,164  ~ 1 Crore+","Rs 2,26,475  ~ 2 Lacs+"
14,PRADEEP TAMTA,Almora,INC,0,Post Graduate,"Rs 15,90,000  ~ 15 Lacs+",Rs 0  ~
15,JITENDRA SINGH,Alwar,INC,0,Graduate,"Rs 6,79,67,810  ~ 6 Crore+",Rs 0  ~
17,SELJA,Ambala,INC,0,Post Graduate,"Rs 4,67,11,386  ~ 4 Crore+",Rs 0  ~
19,RAHUL GANDHI,Amethi,INC,0,Post Graduate,"Rs 2,32,74,706  ~ 2 Crore+","Rs 23,35,000  ~ 23 Lacs+"
21,NARANBHAI BHIKHABHAI KACHHADIYA,Amreli,BJP,0,5th Pass,"Rs 47,48,283  ~ 47 Lacs+","Rs 3,00,000  ~ 3 Lacs+"
24,Sabbam Hari,Anakapalle,INC,0,12th Pass,"Rs 8,50,32,286  ~ 8 Crore+","Rs 4,50,000  ~ 4 Lacs+"
25,RAVNEET SINGH,Anandpur Sahib,INC,0,12th Pass,"Rs 2,18,21,443  ~ 2 Crore+","Rs 3,00,000  ~ 3 Lacs+"
26,ANANTHA VENKATA RAMI REDDY,Anantapur,INC,0,Post Graduate,"Rs 1,30,15,000  ~ 1 Crore+",Rs 0  ~
27,MIRZA MEHBOOB BEG,Anantnag,JKN,0,Graduate Professional,"Rs 48,50,000  ~ 48 Lacs+",Rs 0  ~
30,JAGATHRAKSHAKAN,Arakkonam,DMK,0,10th Pass,"Rs 5,91,06,399  ~ 5 Crore+",Rs 0  ~
31,V. Kishore Chandra Deo,Araku,INC,0,Post Graduate,"Rs 24,74,10,000  ~ 24 Crore+",Rs 0  ~
32,SAKTI MOHAN MALIK,Arambag,CPM,0,Post Graduate,"Rs 24,15,310  ~ 24 Lacs+","Rs 1,08,000  ~ 1 Lacs+"
33,KRISHNASAMY M,Arani,INC,0,Graduate Professional,"Rs 6,23,85,765  ~ 6 Crore+","Rs 1,67,92,067  ~ 1 Crore+"
35,Meena Singh,Arrah,JD(U),0,Graduate,"Rs 4,24,36,500  ~ 4 Crore+",Rs 0  ~
36,NINONG ERING,Arunachal East,INC,0,Graduate,"Rs 10,43,20,000  ~ 10 Crore+","Rs 12,51,784  ~ 12 Lacs+"
37,TAKAM SANJOY,Arunachal West,INC,0,Graduate,"Rs 2,41,37,021  ~ 2 Crore+",Rs 0  ~
38,BANSAGOPAL CHOWDHURY,Asansol,CPM,0,Graduate,"Rs 14,23,763  ~ 14 Lacs+",Rs 0  ~
43,BIREN SINGH ENGTI,Autonomous District,INC,0,Post Graduate,"Rs 2,52,97,068  ~ 2 Crore+",Rs 0  ~
45,DHARMENDRA YADAV,Badaun,SP,0,Post Graduate,"Rs 56,82,299  ~ 56 Lacs+","Rs 98,000  ~ 98 Thou+"
46,GADDIGOUDAR P C,Bagalkot,BJP,0,Graduate Professional,"Rs 1,67,62,000  ~ 1 Crore+","Rs 66,74,134  ~ 66 Lacs+"
47,AJIT SINGH,Baghpat,RLD,0,Post Graduate,"Rs 5,82,32,462  ~ 5 Crore+","Rs 13,077  ~ 13 Thou+"
50,Srikanta Kumar Jena,Balasore,INC,0,Graduate,"Rs 59,79,551  ~ 59 Lacs+","Rs 8,62,820  ~ 8 Lacs+"
51,NEERAJ SHEKHAR,Ballia,SP,0,Graduate,"Rs 2,77,18,262  ~ 2 Crore+","Rs 1,51,00,000  ~ 1 Crore+"
52,Prasanta Kumar Majumdar,Balurghat,RSP,0,Post Graduate,"Rs 16,76,454  ~ 16 Lacs+",Rs 0  ~
53,MUKESH BHAIRAVDANJI GADHAVI,Banaskantha,INC,0,Graduate,"Rs 2,26,94,764  ~ 2 Crore+",Rs 0  ~
56,D.B. Chandre Gowda,Bangalore North,BJP,0,Graduate Professional,"Rs 2,08,40,751  ~ 2 Crore+",Rs 0  ~
58,Ananth Kumar,Bangalore South,BJP,0,Graduate Professional,"Rs 1,22,06,366  ~ 1 Crore+",Rs 0  ~
59,GOBINDA CHANDRA NASKAR,Bangaon,AITC,0,Post Graduate,"Rs 25,49,515  ~ 25 Lacs+",Rs 0  ~
60,Acharia Basudeb,Bankura,CPM,0,Post Graduate,"Rs 32,49,037  ~ 32 Lacs+",Rs 0  ~
61,Tara chand,Banswara,INC,0,Post Graduate,"Rs 65,18,752  ~ 65 Lacs+","Rs 11,22,163  ~ 11 Lacs+"
62,PANABAKA LAKSHMI,Bapatla,INC,0,Post Graduate,"Rs 1,66,35,386  ~ 1 Crore+",Rs 0  ~
63,P.L.PUNIA,Barabanki,INC,0,Doctorate,"Rs 1,40,47,833  ~ 1 Crore+","Rs 9,95,370  ~ 9 Lacs+"
64,SUPRIYA SULE,Baramati,NCP,0,Graduate,"Rs 51,53,63,663  ~ 51 Crore+",Rs 0  ~
65,SHARIEF UD DIN SHARIQ,Baramulla,JKN,0,Post Graduate,"Rs 1,19,55,000  ~ 1 Crore+","Rs 13,10,000  ~ 13 Lacs+"
66,KAKALI GHOSH DASTIDAR,Barasat,AITC,0,Graduate Professional,"Rs 1,25,76,309  ~ 1 Crore+","Rs 3,35,000  ~ 3 Lacs+"
67,ANUP KUMAR SAHA,Bardhaman Purba,CPM,0,Post Graduate,"Rs 74,72,944  ~ 74 Lacs+",Rs 0  ~
68,SK. SAIDUL HAQUE,Bardhaman-Durgapur,CPM,0,Post Graduate,"Rs 24,14,520  ~ 24 Lacs+","Rs 1,28,172  ~ 1 Lacs+"
70,Sanjay Bhoi,Bargarh,INC,0,Graduate,"Rs 17,00,000  ~ 17 Lacs+",Rs 0  ~
71,Harish choudhary,Barmer,INC,0,Graduate,"Rs 49,53,849  ~ 49 Lacs+","Rs 12,95,812  ~ 12 Lacs+"
72,ISMAIL HUSSAIN,Barpeta,INC,0,Post Graduate,"Rs 99,31,726  ~ 99 Lacs+",Rs 0  ~
73,DINESH TRIVEDI,Barrackpur,AITC,0,Post Graduate,"Rs 2,72,03,930  ~ 2 Crore+",Rs 0  ~
74,SK. NURUL ISLAM,Basirhat,AITC,0,12th Pass,"Rs 11,55,500  ~ 11 Lacs+","Rs 8,07,500  ~ 8 Lacs+"
75,Baliram Kashyap,Bastar,BJP,0,8th Pass,"Rs 99,48,590  ~ 99 Lacs+","Rs 11,66,014  ~ 11 Lacs+"
76,ARVIND KUMAR CHAUDHARY,Basti,BSP,0,12th Pass,"Rs 1,86,43,936  ~ 1 Crore+",Rs 0  ~
77,HARSIMRAT KAUR,Bathinda,SAD,0,10th Pass,"Rs 60,31,00,135  ~ 60 Crore+","Rs 13,800  ~ 13 Thou+"
79,DR. MONAZIR HASSAN,Begusarai,JD(U),0,Doctorate,"Rs 35,83,898  ~ 35 Lacs+","Rs 16,82,852  ~ 16 Lacs+"
81,J. SHANTHA,Bellary,BJP,0,12th Pass,"Rs 4,65,72,264  ~ 4 Crore+",Rs 0  ~
82,Sidhant Mohapatra,Berhampur,BJD,0,Post Graduate,"Rs 48,28,474  ~ 48 Lacs+","Rs 1,18,884  ~ 1 Lacs+"
83,JYOTI DHURVE,Betul,BJP,0,Post Graduate,"Rs 71,35,000  ~ 71 Lacs+","Rs 6,38,122  ~ 6 Lacs+"
84,GORAKHNATH,Bhadohi,BSP,0,Post Graduate,"Rs 1,01,58,748  ~ 1 Crore+","Rs 4,33,968  ~ 4 Lacs+"
85,Arjun Charan Sethi,Bhadrak,BJD,0,Post Graduate,"Rs 1,10,61,000  ~ 1 Crore+","Rs 25,00,000  ~ 25 Lacs+"
86,SYED SHAHNAWAZ HUSSAIN,Bhagalpur,BJP,0,10th Pass,"Rs 74,72,000  ~ 74 Lacs+","Rs 1,01,000  ~ 1 Lacs+"
87,RATAN SINGH,Bharatpur,INC,0,Graduate Professional,"Rs 1,19,67,191  ~ 1 Crore+","Rs 3,35,314  ~ 3 Lacs+"
88,MANSUKHBHAI DHANJIBHAI VASAVA,Bharuch,BJP,0,Graduate,"Rs 24,41,000  ~ 24 Lacs+","Rs 8,33,462  ~ 8 Lacs+"
89,RAJENDRASINH GHANSHYAMSINH RANA,Bhavnagar,BJP,0,Graduate Professional,"Rs 55,08,711  ~ 55 Lacs+",Rs 0  ~
90,C P JOSHI,Bhilwara,INC,0,Doctorate,"Rs 2,03,76,956  ~ 2 Crore+","Rs 14,00,000  ~ 14 Lacs+"
92,TAWARE SURESH KASHINATH,Bhiwandi,INC,0,Graduate,"Rs 10,90,39,952  ~ 10 Crore+","Rs 12,50,000  ~ 12 Lacs+"
93,SHRUTI CHOUDHRY,Bhiwani-Mahendragarh,INC,0,Graduate Professional,"Rs 16,72,66,000  ~ 16 Crore+","Rs 1,70,00,000  ~ 1 Crore+"
94,KOMATIREDDY RAJ GOPAL REDDY,Bhongir,INC,0,Graduate,"Rs 19,47,63,618  ~ 19 Crore+","Rs 60,57,899  ~ 60 Lacs+"
95,KAILASH JOSHI,Bhopal,BJP,0,10th Pass,"Rs 58,85,927  ~ 58 Lacs+",Rs 0  ~
96,Prasanna Kumar Patasani,Bhubaneswar,BJD,0,Post Graduate,"Rs 14,77,178  ~ 14 Lacs+",Rs 0  ~
98,Jigajinagi Ramesh Chandappa,Bijapur,BJP,0,Graduate,"Rs 1,17,53,725  ~ 1 Crore+","Rs 39,02,460  ~ 39 Lacs+"
99,SANJAY SINGH CHAUHAN,Bijnor,RLD,0,Graduate Professional,"Rs 3,53,52,625  ~ 3 Crore+","Rs 52,54,245  ~ 52 Lacs+"
100,ARJUN RAM MEGHWAL,Bikaner,BJP,0,Post Graduate,"Rs 25,63,467  ~ 25 Lacs+",Rs 0  ~
101,SATABDI ROY (BANERJEE),Birbhum,AITC,0,12th Pass,"Rs 1,31,48,000  ~ 1 Crore+","Rs 5,26,321  ~ 5 Lacs+"
102,Susmita Bauri,Bishnupur,CPM,0,Graduate Professional,"Rs 10,78,000  ~ 10 Lacs+","Rs 1,74,660  ~ 1 Lacs+"
104,RAM CHANDRA DOME,Bolpur,CPM,0,Graduate Professional,"Rs 7,39,396  ~ 7 Lacs+",Rs 0  ~
105,KAMLESH,Bulandshahr,SP,0,5th Pass,"Rs 8,44,005  ~ 8 Lacs+",Rs 0  ~
109,R.DHRUVANARAYANA,Chamarajanagar,INC,0,Post Graduate,"Rs 1,67,29,619  ~ 1 Crore+","Rs 38,96,431  ~ 38 Lacs+"
111,PAWAN KUMAR BANSAL,Chandigarh,INC,0,Graduate Professional,"Rs 3,87,29,400  ~ 3 Crore+",Rs 0  ~
112,KAPIL SIBAL,Chandni Chowk,INC,0,Post Graduate,"Rs 31,97,22,459  ~ 31 Crore+",Rs 0  ~
114,Inder Singh Namdhari,Chatra,IND,0,Graduate Professional,"Rs 2,12,77,657  ~ 2 Crore+",Rs 0  ~
115,RAJENDRAN C,Chennai South,ADMK,0,Graduate Professional,"Rs 2,79,66,678  ~ 2 Crore+",Rs 0  ~
116,Sudini Jaipal Reddy,Chevella,INC,0,Post Graduate,"Rs 5,61,50,333  ~ 5 Crore+","Rs 20,42,919  ~ 20 Lacs+"
117,RAMSINHBHAI PATALBHAI RATHAVA,Chhota Udaipur,BJP,0,10th Pass,"Rs 1,05,01,785  ~ 1 Crore+","Rs 66,24,317  ~ 66 Lacs+"
119,M. Veerappa Moily,Chikkballapur,INC,0,Graduate,"Rs 2,93,74,446  ~ 2 Crore+","Rs 10,83,264  ~ 10 Lacs+"
121,JANARDHANA SWAMY,Chitradurga,BJP,0,Post Graduate,"Rs 2,28,36,000  ~ 2 Crore+",Rs 0  ~
122,NARAMALLI SIVAPRASAD,Chittoor,TDP,0,Graduate Professional,"Rs 60,11,000  ~ 60 Lacs+",Rs 0  ~
124,RAM SINGH KASWAN,Churu,BJP,0,Graduate Professional,"Rs 2,74,03,097  ~ 2 Crore+",Rs 0  ~
125,NATARAJAN.P.R.,Coimbatore,CPM,0,Graduate,"Rs 17,67,722  ~ 17 Lacs+",Rs 0  ~
127,ALAGIRI S,Cuddalore,INC,0,Graduate,"Rs 1,18,66,846  ~ 1 Crore+","Rs 7,81,36,525  ~ 7 Crore+"
128,Bhartruhari Mahtab,Cuttack,BJD,0,Post Graduate,"Rs 5,07,93,831  ~ 5 Crore+",Rs 0  ~
130,PRABHABEN KISHORESINH TAVIAD,Dahod,INC,0,Graduate Professional,"Rs 68,23,687  ~ 68 Lacs+",Rs 0  ~
132,LALUBHAI PATEL,Daman & Diu,BJP,0,10th Pass,"Rs 3,68,79,385  ~ 3 Crore+","Rs 21,35,939  ~ 21 Lacs+"
133,SHIVRAJ BHAIYA,Damoh,BJP,0,12th Pass,"Rs 89,29,326  ~ 89 Lacs+","Rs 2,86,513  ~ 2 Lacs+"
135,Jaswant Singh,Darjeeling,BJP,0,Graduate,"Rs 8,35,71,845  ~ 8 Crore+","Rs 7,44,864  ~ 7 Lacs+"
136,Siddeswara.G.M,Davanagere,BJP,0,10th Pass,"Rs 14,02,48,867  ~ 14 Crore+","Rs 42,63,675  ~ 42 Lacs+"
137,GORAKH PRASAD JAISWAL,Deoria,BSP,0,10th Pass,"Rs 2,42,17,040  ~ 2 Crore+",Rs 0  ~
138,SAJJAN SINGH VERMA,Dewas,INC,0,Post Graduate,"Rs 2,70,42,325  ~ 2 Crore+","Rs 11,04,525  ~ 11 Lacs+"
140,GAJENDRASINGH RAJUKHEDI,Dhar,INC,0,Graduate Professional,"Rs 2,06,53,466  ~ 2 Crore+",Rs 0  ~
141,THAMARAISELVAN. R,Dharmapuri,DMK,0,Graduate Professional,"Rs 38,67,546  ~ 38 Lacs+","Rs 4,60,146  ~ 4 Lacs+"
142,Pralhad Joshi,Dharwad,BJP,0,Graduate,"Rs 1,44,12,674  ~ 1 Crore+","Rs 31,82,357  ~ 31 Lacs+"
143,KUNWAR JITIN PRASAD,Dhaurahra,INC,0,Post Graduate,"Rs 3,26,56,975  ~ 3 Crore+",Rs 0  ~
145,BADRUDDIN AJMAL,Dhubri,AUDF,0,Literate,"Rs 30,35,20,991  ~ 30 Crore+",Rs 0  ~
146,SONAWANE PRATAP NARAYANRAO,Dhule,BJP,0,Graduate Professional,"Rs 14,21,57,029  ~ 14 Crore+","Rs 65,81,693  ~ 65 Lacs+"
147,SOMENDRA NATH MITRA,Diamond Harbour,AITC,0,Graduate Professional,"Rs 1,47,30,832  ~ 1 Crore+","Rs 1,57,500  ~ 1 Lacs+"
148,SRI PABAN SINGH GHATOWAR,Dibrugarh,INC,0,Graduate,"Rs 97,97,014  ~ 97 Lacs+",Rs 0  ~
149,CHITTHAN N S V,Dindigul,INC,0,Graduate,"Rs 1,70,35,764  ~ 1 Crore+",Rs 0  ~
152,SAUGATA RAY,Dum Dum,AITC,0,Post Graduate,"Rs 39,71,408  ~ 39 Lacs+",Rs 0  ~
154,SAROJ PANDEY,Durg,BJP,0,Post Graduate,"Rs 3,79,787  ~ 3 Lacs+","Rs 6,67,787  ~ 6 Lacs+"
155,SANDEEP DIKSHIT,East Delhi,INC,0,Post Graduate,"Rs 1,81,46,428  ~ 1 Crore+","Rs 19,80,887  ~ 19 Lacs+"
156,KAVURI SAMBASIVA RAO,Eluru,INC,0,Graduate Professional,"Rs 12,60,50,111  ~ 12 Crore+","Rs 9,45,674  ~ 9 Lacs+"
157,Prof K V Thomas,Ernakulam,INC,0,Post Graduate,"Rs 1,50,41,664  ~ 1 Crore+","Rs 22,09,490  ~ 22 Lacs+"
160,NIRMAL KHATRI,Faizabad,INC,0,Doctorate,"Rs 66,70,000  ~ 66 Lacs+","Rs 5,771  ~ 5 Thou+"
162,PARAMJIT KAUR GULSHAN,Faridkot,SAD,0,Post Graduate,"Rs 1,42,08,609  ~ 1 Crore+","Rs 21,85,837  ~ 21 Lacs+"
163,SALMAN KHURSHEED,Farrukhabad,INC,0,Post Graduate,"Rs 2,61,40,421  ~ 2 Crore+","Rs 47,65,556  ~ 47 Lacs+"
164,SUKHDEV SINGH,Fatehgarh Sahib,INC,0,10th Pass,"Rs 1,70,83,247  ~ 1 Crore+",Rs 0  ~
166,SEEMA UPADHAYAY,Fatehpur Sikri,BSP,0,Graduate,"Rs 2,65,45,096  ~ 2 Crore+","Rs 15,95,708  ~ 15 Lacs+"
167,AKHILESH YADAV,Firozabad,SP,0,Graduate Professional,"Rs 4,44,09,557  ~ 4 Crore+","Rs 77,26,354  ~ 77 Lacs+"
168,SHER SINGH GHUBAYA,Firozpur,SAD,0,10th Pass,"Rs 3,19,69,676  ~ 3 Crore+","Rs 36,98,744  ~ 36 Lacs+"
169,KOWASE MAROTRAO SAINUJI,Gadchiroli-Chimur,INC,0,Graduate,"Rs 1,07,76,756  ~ 1 Crore+","Rs 5,00,000  ~ 5 Lacs+"
171,BHARAT RAM MEGHWAL,Ganganagar,INC,0,Graduate Professional,"Rs 50,16,000  ~ 50 Lacs+","Rs 4,00,000  ~ 4 Lacs+"
172,SATPAL MAHARAJ,Garhwal,INC,0,12th Pass,"Rs 11,21,36,795  ~ 11 Crore+",Rs 0  ~
173,BIJOYA CHAKRAVARTY,Gauhati,BJP,0,Post Graduate,"Rs 18,70,000  ~ 18 Lacs+",Rs 0  ~
175,Hari Manjhi,Gaya,BJP,0,8th Pass,"Rs 14,71,374  ~ 14 Lacs+","Rs 3,89,075  ~ 3 Lacs+"
176,Gurudas Dasgupta,Ghatal,CPI,0,Post Graduate,"Rs 36,54,001  ~ 36 Lacs+",Rs 0  ~
181,NISHIKANT DUBEY,Godda,BJP,0,Post Graduate,"Rs 10,10,37,987  ~ 10 Crore+",Rs 0  ~
182,BENI PRASAD VERMA,Gonda,INC,0,Graduate Professional,"Rs 2,01,83,574  ~ 2 Crore+","Rs 80,932  ~ 80 Thou+"
185,Mallikarjun Kharge,Gulbarga,INC,0,Graduate Professional,"Rs 5,06,46,533  ~ 5 Crore+","Rs 55,08,946  ~ 55 Lacs+"
186,JYOTIRADITYA MADHAVRAO SCINDIA,Guna,INC,0,Post Graduate,"Rs 14,90,94,212  ~ 14 Crore+",Rs 0  ~
188,PARTAP SINGH BAJWA,Gurdaspur,INC,0,Graduate,"Rs 6,80,53,249  ~ 6 Crore+","Rs 1,00,000  ~ 1 Lacs+"
189,INDERJIT SINGH,Gurgaon,INC,0,Graduate Professional,"Rs 6,73,83,257  ~ 6 Crore+","Rs 96,692  ~ 96 Thou+"
190,RAM SUNDAR DAS,Hajipur,JD(U),0,10th Pass,"Rs 27,96,489  ~ 27 Lacs+","Rs 11,16,705  ~ 11 Lacs+"
191,VIJAY BAHADUR SINGH,Hamirpur,BSP,0,Graduate Professional,"Rs 4,29,56,873  ~ 4 Crore+","Rs 6,23,689  ~ 6 Lacs+"
192,ANURAG SINGH THAKUR,Hamirpur,BJP,0,Graduate,"Rs 2,41,50,103  ~ 2 Crore+","Rs 25,04,550  ~ 25 Lacs+"
193,USHA VERMA,Hardoi,SP,0,Post Graduate,"Rs 1,01,11,699  ~ 1 Crore+","Rs 5,00,000  ~ 5 Lacs+"
195,H. D. Devegowda,Hassan,JD(S),0,Others,"Rs 1,96,24,664  ~ 1 Crore+","Rs 64,99,000  ~ 64 Lacs+"
196,SARIKA SINGH,Hathras,RLD,0,Post Graduate,"Rs 8,25,272  ~ 8 Lacs+",Rs 0  ~
197,SHETTI RAJU ALIAS DEVAPPA ANNA,Hatkanangle,SWP,0,10th Pass,"Rs 22,53,785  ~ 22 Lacs+","Rs 1,04,341  ~ 1 Lacs+"
198,SHIVAKUMAR CHANNABASAPPA UDASI,Haveri,BJP,0,Graduate,"Rs 32,33,61,935  ~ 32 Crore+","Rs 3,38,33,437  ~ 3 Crore+"
200,KRISTAPPA NIMMALA,Hindupur,TDP,0,Graduate,"Rs 1,59,17,465  ~ 1 Crore+","Rs 12,16,390  ~ 12 Lacs+"
202,BHAJAN LAL,Hisar,HJC(BL),0,12th Pass,"Rs 6,51,13,381  ~ 6 Crore+","Rs 73,54,075  ~ 73 Lacs+"
203,RATNA DE,Hooghly,AITC,0,Graduate Professional,"Rs 87,30,448  ~ 87 Lacs+",Rs 0  ~
204,UDAY PRATAP SINGH,Hoshangabad,INC,0,Graduate,"Rs 3,99,06,000  ~ 3 Crore+","Rs 13,74,065  ~ 13 Lacs+"
205,SANTOSH CHOWDHARY,Hoshiarpur,INC,0,Graduate Professional,"Rs 2,68,16,253  ~ 2 Crore+",Rs 0  ~
208,Adv P T Thomas,Idukki,INC,0,Post Graduate,"Rs 39,84,094  ~ 39 Lacs+","Rs 4,48,284  ~ 4 Lacs+"
209,SUMITRA MAHAJAN (TAI),Indore,BJP,0,Post Graduate,"Rs 79,74,006  ~ 79 Lacs+","Rs 44,29,400  ~ 44 Lacs+"
210,DR. THOKCHOM MEINYA,Inner Manipur,INC,0,Doctorate,"Rs 16,39,200  ~ 16 Lacs+",Rs 0  ~
211,RAKESH SINGH,Jabalpur,BJP,0,Graduate,"Rs 92,31,699  ~ 92 Lacs+","Rs 10,545  ~ 10 Thou+"
212,KABIR SUMAN,Jadavpur,AITC,0,Graduate,"Rs 32,06,685  ~ 32 Lacs+",Rs 0  ~
213,Bibhu Prasad Tarai,Jagatsinghpur,CPI,0,Post Graduate,"Rs 44,60,251  ~ 44 Lacs+","Rs 43,000  ~ 43 Thou+"
214,MAHESH JOSHI,Jaipur,INC,0,Doctorate,"Rs 1,03,88,500  ~ 1 Crore+","Rs 12,45,000  ~ 12 Lacs+"
215,LAL CHAND KATARIA,Jaipur Rural,INC,0,10th Pass,"Rs 3,06,50,401  ~ 3 Crore+","Rs 7,02,835  ~ 7 Lacs+"
216,Mohan Jena,Jajpur,BJD,0,Post Graduate,"Rs 30,46,404  ~ 30 Lacs+",Rs 0  ~
217,MOHINDER SINGH KAYPEE,Jalandhar,INC,0,Graduate Professional,"Rs 4,81,96,591  ~ 4 Crore+","Rs 1,25,000  ~ 1 Lacs+"
219,A.T. NANA PATIL,Jalgaon,BJP,0,Graduate,"Rs 10,38,39,607  ~ 10 Crore+","Rs 92,00,000  ~ 92 Lacs+"
221,DEV JI PATEL,Jalore,BJP,0,10th Pass,"Rs 1,12,61,830  ~ 1 Crore+",Rs 0  ~
222,Mahendra Kumar Roy,Jalpaiguri,CPM,0,Graduate Professional,"Rs 28,78,591  ~ 28 Lacs+",Rs 0  ~
224,VIKRAMBHAI ARJANBHAI MADAM,Jamnagar,INC,0,Graduate,"Rs 1,55,90,109  ~ 1 Crore+","Rs 4,00,000  ~ 4 Lacs+"
226,BHUDEO CHOUDHARY,Jamui,JD(U),0,Graduate Professional,"Rs 40,79,000  ~ 40 Lacs+","Rs 2,89,192  ~ 2 Lacs+"
227,PRANAB MUKHERJEE,Jangipur,INC,0,Doctorate,"Rs 2,69,20,479  ~ 2 Crore+",Rs 0  ~
228,Kamaladevi Patale,Janjgir-Champa,BJP,0,12th Pass,"Rs 35,56,426  ~ 35 Lacs+","Rs 80,000  ~ 80 Thou+"
230,DR. TARUN MONDAL,Jaynagar,IND,0,Graduate Professional,"Rs 18,56,636  ~ 18 Lacs+","Rs 5,600  ~ 5 Thou+"
231,DUSHYANT SINGH,Jhalawar-Baran,BJP,0,Post Graduate,"Rs 6,41,10,900  ~ 6 Crore+","Rs 27,79,153  ~ 27 Lacs+"
234,Pulin Bihari Baske,Jhargram,CPM,0,Graduate Professional,"Rs 14,84,298  ~ 14 Lacs+",Rs 0  ~
235,CHANDRESH KUMARI,Jodhpur,INC,0,12th Pass,"Rs 13,28,81,067  ~ 13 Crore+","Rs 60,744  ~ 60 Thou+"
236,BIJOY KRISHNA HANDIQUE,Jorhat,INC,0,Post Graduate,"Rs 1,54,28,123  ~ 1 Crore+",Rs 0  ~
239,Y.S. Jagan Mohan Reddy,Kadapa,INC,0,Graduate,"Rs 72,81,51,658  ~ 72 Crore+","Rs 6,63,96,966  ~ 6 Crore+"
240,TABASSUM BEGAM,Kairana,BSP,0,10th Pass,"Rs 1,16,67,328  ~ 1 Crore+",Rs 0  ~
242,M M Pallamraju,Kakinada,INC,0,Post Graduate,"Rs 6,55,89,882  ~ 6 Crore+","Rs 11,12,763  ~ 11 Lacs+"
244,DIP GOGOI,Kaliabor,INC,0,Graduate,"Rs 25,39,058  ~ 25 Lacs+",Rs 0  ~
247,VISWANATHAN.P,Kancheepuram,INC,0,Graduate,"Rs 56,85,495  ~ 56 Lacs+","Rs 22,46,494  ~ 22 Lacs+"
248,Rudra Madhab Ray,Kandhamal,BJD,0,Graduate,"Rs 43,87,647  ~ 43 Lacs+","Rs 5,66,588  ~ 5 Lacs+"
249,DR. RAJAN SUSHANT,Kangra,BJP,0,Graduate Professional,"Rs 1,10,24,873  ~ 1 Crore+","Rs 24,88,285  ~ 24 Lacs+"
250,Sohan Potai,Kanker,BJP,0,Post Graduate,"Rs 82,61,296  ~ 82 Lacs+",Rs 0  ~
251,AKHILESH YADAV,Kannauj,SP,0,Graduate Professional,"Rs 4,85,82,202  ~ 4 Crore+","Rs 77,26,354  ~ 77 Lacs+"
252,HELEN DAVIDSON J,Kanniyakumari,DMK,0,Post Graduate,"Rs 4,84,55,728  ~ 4 Crore+","Rs 21,23,538  ~ 21 Lacs+"
254,SRI PRAKASH JAISWAL,Kanpur,INC,0,12th Pass,"Rs 3,07,67,980  ~ 3 Crore+",Rs 0  ~
257,KHILADI LAL BAIRWA,Karauli-Dholpur,INC,0,Graduate,"Rs 6,28,02,340  ~ 6 Crore+","Rs 56,93,479  ~ 56 Lacs+"
258,Lalit Mohan Suklabaidya,Karimganj,INC,0,Post Graduate,"Rs 46,44,049  ~ 46 Lacs+",Rs 0  ~
259,Ponnam Prabhakar,Karimnagar,INC,0,Graduate Professional,"Rs 12,87,000  ~ 12 Lacs+",Rs 0  ~
260,ARVIND KUMAR SHARMA,Karnal,INC,0,Post Graduate,"Rs 1,90,71,256  ~ 1 Crore+",Rs 0  ~
264,SHAILENDRA KUMAR,Kaushambi,SP,0,Graduate,"Rs 2,08,00,327  ~ 2 Crore+",Rs 0  ~
265,Baijayant Panda,Kendrapara,BJD,0,Graduate Professional,"Rs 16,11,00,792  ~ 16 Crore+","Rs 4,51,767  ~ 4 Lacs+"
268,DINESH CHANDRA YADAV,Khagaria,JD(U),0,Others,"Rs 63,05,253  ~ 63 Lacs+","Rs 15,922  ~ 15 Thou+"
269,JEETENDRA SINGH,Khajuraho,BJP,0,Post Graduate,"Rs 1,05,96,506  ~ 1 Crore+",Rs 0  ~
270,Nama Nageswara Rao,Khammam,TDP,0,12th Pass,"Rs 1,73,75,08,117  ~ 173 Crore+",Rs 0  ~
272,MAKNSINGH SOLANKI (BABUJI),Khargone,BJP,0,5th Pass,"Rs 58,38,265  ~ 58 Lacs+","Rs 2,04,826  ~ 2 Lacs+"
273,DINSHA ZAVARBHAI PATEL,Kheda,INC,0,10th Pass,"Rs 2,30,65,019  ~ 2 Crore+","Rs 34,80,352  ~ 34 Lacs+"
274,ZAFAR ALI NAQVI,Kheri,INC,0,Graduate Professional,"Rs 39,79,881  ~ 39 Lacs+",Rs 0  ~
275,KARIYA MUNDA,Khunti,BJP,0,Post Graduate,"Rs 59,89,638  ~ 59 Lacs+","Rs 1,33,125  ~ 1 Lacs+"
276,MOHAMMAD ASRARUL HAQUE,Kishanganj,INC,0,Post Graduate,"Rs 36,46,860  ~ 36 Lacs+",Rs 0  ~
278,SANSUMA KHUNGGUR BWISWMUTHIARY,Kokrajhar,BPF,0,Graduate,"Rs 49,54,903  ~ 49 Lacs+","Rs 4,64,860  ~ 4 Lacs+"
279,K.H.Muniyappa,Kolar,INC,0,Graduate Professional,"Rs 5,19,21,402  ~ 5 Crore+","Rs 2,10,19,510  ~ 2 Crore+"
280,SADASHIVRAO MANDLIK DADOBA,Kolhapur,IND,0,Graduate,"Rs 1,15,52,012  ~ 1 Crore+",Rs 0  ~
281,MAMATA BANERJEE,Kolkata Dakshin,AITC,0,Post Graduate,"Rs 4,73,194  ~ 4 Lacs+",Rs 0  ~
282,SUDIP BANDYOPADHYAY,Kolkata Uttar,AITC,0,Graduate,"Rs 41,87,479  ~ 41 Lacs+","Rs 1,96,283  ~ 1 Lacs+"
284,Shivaramgouda,Koppal,BJP,0,Graduate Professional,"Rs 1,45,18,988  ~ 1 Crore+","Rs 30,78,847  ~ 30 Lacs+"
285,Jayaram Pangi,Koraput,BJD,0,10th Pass,"Rs 61,82,372  ~ 61 Lacs+",Rs 0  ~
286,Charandas Mahant,Korba,INC,0,Doctorate,"Rs 4,27,04,354  ~ 4 Crore+","Rs 16,43,424  ~ 16 Lacs+"
287,IJYARAJ SINGH,Kota,INC,0,Post Graduate,"Rs 18,01,31,144  ~ 18 Crore+",Rs 0  ~
288,Jose K Mani,Kottayam,KEC(M),0,Post Graduate,"Rs 96,51,729  ~ 96 Lacs+",Rs 0  ~
289,M K Raghavan,Kozhikode,INC,0,Graduate,"Rs 14,09,694  ~ 14 Lacs+","Rs 10,55,000  ~ 10 Lacs+"
292,KOTLA JAYA SURYA PRAKASH REDDY,Kurnool,INC,0,Graduate,"Rs 5,37,19,195  ~ 5 Crore+","Rs 30,34,000  ~ 30 Lacs+"
293,NAVEEN JINDAL,Kurukshetra,INC,0,Post Graduate,"Rs 1,31,07,30,000  ~ 131 Crore+",Rs 0  ~
294,KU. RATANJEET PRATAP NARAYAN SINGH,Kushi Nagar,INC,0,Graduate,"Rs 3,99,75,893  ~ 3 Crore+","Rs 1,00,000  ~ 1 Lacs+"
295,HASSAN KHAN,Ladakh,IND,0,Graduate,"Rs 60,65,000  ~ 60 Lacs+",Rs 0  ~
297,Muhammed Hamdulla Sayeed A.B.,Lakshadweep,INC,0,Graduate Professional,"Rs 2,09,77,767  ~ 2 Crore+",Rs 0  ~
298,DR. BALIRAM,Lalganj,BSP,0,Doctorate,"Rs 80,03,036  ~ 80 Lacs+","Rs 6,38,922  ~ 6 Lacs+"
300,Sudershan Bhagat,Lohardaga,BJP,0,Graduate,"Rs 30,93,207  ~ 30 Lacs+","Rs 2,36,750  ~ 2 Lacs+"
301,LAL JI TANDON,Lucknow,BJP,0,Graduate,"Rs 2,17,00,160  ~ 2 Crore+",Rs 0  ~
302,MANISH TEWARI,Ludhiana,INC,0,Graduate Professional,"Rs 2,99,41,543  ~ 2 Crore+",Rs 0  ~
303,TUFANI SAROJ,Machhlishahr,SP,0,Graduate,"Rs 53,36,133  ~ 53 Lacs+",Rs 0  ~
304,Konakalla Narayana Rao,Machilipatnam,TDP,0,12th Pass,"Rs 86,16,000  ~ 86 Lacs+","Rs 37,87,000  ~ 37 Lacs+"
305,PAWAR SHARADCHANDRA GOVINDRAO,Madha,NCP,0,10th Pass,"Rs 8,72,38,434  ~ 8 Crore+",Rs 0  ~
307,HUKM DEO NARAYAN YADAV,Madhubani,BJP,0,Graduate,"Rs 2,50,12,430  ~ 2 Crore+","Rs 2,64,033  ~ 2 Lacs+"
308,ALAGIRI M.K,Madurai,DMK,0,Graduate,"Rs 19,39,78,895  ~ 19 Crore+",Rs 0  ~
309,P. BALRAM,Mahabubabad,INC,0,Graduate,"Rs 1,71,95,194  ~ 1 Crore+","Rs 1,41,22,000  ~ 1 Crore+"
311,Chandulal Sahu (Chandu Bhaiya),Mahasamund,BJP,0,Graduate Professional,"Rs 68,05,000  ~ 68 Lacs+","Rs 13,00,000  ~ 13 Lacs+"
313,JAYSHREEBEN KANUBHAI PATEL,Mahesana,BJP,0,10th Pass,"Rs 33,43,068  ~ 33 Lacs+","Rs 2,63,528  ~ 2 Lacs+"
314,MULAYAM SINGH YADAV,Mainpuri,SP,0,Post Graduate,"Rs 2,23,99,320  ~ 2 Crore+","Rs 2,43,842  ~ 2 Lacs+"
315,E Ahamed,Malappuram,MUL,0,Post Graduate,"Rs 38,87,709  ~ 38 Lacs+",Rs 0  ~
316,Abu Hasem Khan Choudhury,Maldaha Dakshin,INC,0,Doctorate,"Rs 87,82,797  ~ 87 Lacs+",Rs 0  ~
317,Mausam Noor,Maldaha Uttar,INC,0,Graduate Professional,"Rs 18,47,359  ~ 18 Lacs+","Rs 2,34,488  ~ 2 Lacs+"
319,VIRBHADRA SINGH,Mandi,INC,0,Post Graduate,"Rs 22,52,28,748  ~ 22 Crore+","Rs 6,28,864  ~ 6 Lacs+"
320,BASORI SINGH MASRAM,Mandla,INC,0,8th Pass,"Rs 36,21,178  ~ 36 Lacs+","Rs 3,50,000  ~ 3 Lacs+"
321,MEENAKSHI NATRAJAN,Mandsour,INC,0,Post Graduate,"Rs 11,26,966  ~ 11 Lacs+",Rs 0  ~
323,RAMEN DEKA,Mangaldoi,BJP,0,Graduate,"Rs 75,79,967  ~ 75 Lacs+",Rs 0  ~
325,CHOUDHURY MOHAN JATUA,Mathurapur,AITC,0,Post Graduate,"Rs 25,85,000  ~ 25 Lacs+",Rs 0  ~
329,Laxman Tudu,Mayurbhanj,BJD,0,Graduate,"Rs 1,73,000  ~ 1 Lacs+","Rs 38,986  ~ 38 Thou+"
330,VIJAYA SHANTHI .M,Medak,TRS,0,10th Pass,"Rs 27,10,66,905  ~ 27 Crore+",Rs 0  ~
331,Prabodh Panda,Medinipur,CPI,0,Graduate,"Rs 22,30,746  ~ 22 Lacs+","Rs 3,62,156  ~ 3 Lacs+"
332,RAJENDRA AGARWAL,Meerut,BJP,0,Post Graduate,"Rs 21,21,825  ~ 21 Lacs+","Rs 3,15,620  ~ 3 Lacs+"
334,ASHOK KUMAR RAWAT,Misrikh,BSP,0,Post Graduate,"Rs 62,21,049  ~ 62 Lacs+","Rs 6,65,426  ~ 6 Lacs+"
335,C.L.RUALA,Mizoram,INC,0,Graduate Professional,"Rs 53,54,186  ~ 53 Lacs+",Rs 0  ~
336,SUSHILA SAROJ,Mohanlalganj,SP,0,Post Graduate,"Rs 2,86,80,230  ~ 2 Crore+","Rs 24,52,429  ~ 24 Lacs+"
337,MOHAMMED AZHARUDDIN,Moradabad,INC,0,Graduate,"Rs 2,52,33,948  ~ 2 Crore+","Rs 5,65,160  ~ 5 Lacs+"
338,NARENDRA SINGH TOMAR,Morena,BJP,0,Graduate,"Rs 34,53,203  ~ 34 Lacs+","Rs 17,80,000  ~ 17 Lacs+"
340,DUTT PRIYA SUNIL,Mumbai North Central,INC,0,Graduate,"Rs 34,95,76,448  ~ 34 Crore+","Rs 1,47,511  ~ 1 Lacs+"
342,AD.KAMAT GURUDAS VASANT,Mumbai North West,INC,0,Graduate Professional,"Rs 6,39,26,963  ~ 6 Crore+",Rs 0  ~
343,DEORA MILIND MURLI,Mumbai South,INC,0,Graduate Professional,"Rs 17,53,73,142  ~ 17 Crore+",Rs 0  ~
344,EKNATH M. GAIKWAD,Mumbai South Central,INC,0,10th Pass,"Rs 21,95,416  ~ 21 Lacs+",Rs 0  ~
347,CAPTAIN JAI NARAYAN PRASAD NISHAD,Muzaffarpur,JD(U),0,12th Pass,"Rs 1,51,48,831  ~ 1 Crore+","Rs 43,37,141  ~ 43 Lacs+"
348,ADAGUR H. VISWANATH,Mysore,INC,0,Graduate Professional,"Rs 2,82,91,172  ~ 2 Crore+","Rs 73,67,061  ~ 73 Lacs+"
349,Pradeep Kumar Majhi,Nabarangpur,INC,0,Graduate,"Rs 8,50,000  ~ 8 Lacs+","Rs 3,45,830  ~ 3 Lacs+"
350,VIJAYAN A K S,Nagapattinam,DMK,0,12th Pass,"Rs 72,05,000  ~ 72 Lacs+","Rs 11,27,000  ~ 11 Lacs+"
351,Dr. Manda Jagannath,Nagarkurnool,INC,0,Post Graduate,"Rs 2,81,26,000  ~ 2 Crore+","Rs 31,23,000  ~ 31 Lacs+"
352,DR JYOTI MIRDHA,Nagaur,INC,0,Graduate Professional,"Rs 3,90,39,915  ~ 3 Crore+",Rs 0  ~
354,MUTTEMWAR VILASRAO BABURAOJI,Nagpur,INC,0,Graduate,"Rs 1,53,02,294  ~ 1 Crore+","Rs 27,56,726  ~ 27 Lacs+"
355,K.C. SINGH BABA,Nainital-Udhamsingh Nagar,INC,0,12th Pass,"Rs 4,39,87,049  ~ 4 Crore+","Rs 6,49,024  ~ 6 Lacs+"
356,KAUSHALENDRA KUMAR,Nalanda,JD(U),0,12th Pass,"Rs 71,33,058  ~ 71 Lacs+","Rs 2,27,065  ~ 2 Lacs+"
357,Gutha Sukender Reddy,Nalgonda,INC,0,12th Pass,"Rs 1,60,40,830  ~ 1 Crore+","Rs 1,66,62,997  ~ 1 Crore+"
360,GAVIT MANIKRAO HODLYA,Nandurbar,INC,0,5th Pass,"Rs 4,10,64,753  ~ 4 Crore+",Rs 0  ~
363,BAPIRAJU KANUMURU,Narsapuram,INC,0,10th Pass,"Rs 3,05,74,013  ~ 3 Crore+","Rs 38,12,438  ~ 38 Lacs+"
364,SAMEER BHUJBAL,Nashik,NCP,0,10th Pass,"Rs 6,66,60,039  ~ 6 Crore+",Rs 0  ~
366,BholaSingh,Nawada,BJP,0,Doctorate,"Rs 38,93,000  ~ 38 Lacs+","Rs 3,60,000  ~ 3 Lacs+"
367,M Rajamohan Reddy,Nellore,INC,0,Graduate Professional,"Rs 36,34,62,696  ~ 36 Crore+",Rs 0  ~
369,RAJA A,Nilgiris,DMK,0,Graduate Professional,"Rs 1,42,51,669  ~ 1 Crore+","Rs 1,66,862  ~ 1 Lacs+"
370,Madhu Yaskhi Goud,Nizamabad,INC,0,Post Graduate,"Rs 11,91,08,338  ~ 11 Crore+","Rs 1,54,22,084  ~ 1 Crore+"
371,JAI PRAKASH AGARWAL,North East Delhi,INC,0,Graduate,"Rs 2,49,28,873  ~ 2 Crore+",Rs 0  ~
372,SHRIPAD YESSO NAIK,North Goa,BJP,0,Graduate,"Rs 98,97,462  ~ 98 Lacs+","Rs 9,12,582  ~ 9 Lacs+"
373,KIRSHNA TIRATH,North West Delhi,INC,0,Graduate Professional,"Rs 2,11,46,350  ~ 2 Crore+",Rs 0  ~
375,MAGUNTA SRINIVASULU REDDY,Ongole,INC,0,Graduate,"Rs 10,20,65,901  ~ 10 Crore+",Rs 0  ~
377,THANGSO BAITE,Outer Manipur,INC,0,Post Graduate,"Rs 17,78,418  ~ 17 Lacs+","Rs 8,80,000  ~ 8 Lacs+"
380,JADHAV BALIRAM SUKUR,Palghar,BVA,0,8th Pass,"Rs 23,99,053  ~ 23 Lacs+",Rs 0  ~
383,ADV. DUDHGAONKAR GANESHRAO NAGORAO,Parbhani,SHS,0,Graduate Professional,"Rs 2,81,11,720  ~ 2 Crore+",Rs 0  ~
386,JAGDISHBHAI MOTIJI THAKORE,Patan,INC,0,10th Pass,"Rs 33,89,298  ~ 33 Lacs+","Rs 11,58,381  ~ 11 Lacs+"
387,Anto Antony,Pathanamthitta,INC,0,Graduate,"Rs 14,24,205  ~ 14 Lacs+","Rs 17,06,713  ~ 17 Lacs+"
388,PRENEET KAUR,Patiala,INC,0,Graduate,"Rs 42,30,43,438  ~ 42 Crore+",Rs 0  ~
389,SHATRUGHAN SINHA,Patna Sahib,BJP,0,Graduate,"Rs 15,00,33,976  ~ 15 Crore+","Rs 2,58,78,099  ~ 2 Crore+"
390,Dr. G. Vivekanand,Peddapalle,INC,0,Graduate Professional,"Rs 72,95,09,675  ~ 72 Crore+",Rs 0  ~
391,"NAPOLEON,D.",Perambalur,DMK,0,Graduate,"Rs 19,14,19,973  ~ 19 Crore+","Rs 2,82,70,000  ~ 2 Crore+"
394,SUGUMAR.K,Pollachi,ADMK,0,Graduate,"Rs 2,13,20,000  ~ 2 Crore+","Rs 1,91,027  ~ 1 Lacs+"
395,NARAYANASAMY,Pondicherry,INC,0,Post Graduate,"Rs 3,59,79,157  ~ 3 Crore+","Rs 21,71,758  ~ 21 Lacs+"
396,E T Mohamed Basheer,Ponnani,MUL,0,10th Pass,"Rs 6,05,855  ~ 6 Lacs+",Rs 0  ~
400,Pinaki Misra,Puri,BJD,0,Graduate,"Rs 29,69,00,000  ~ 29 Crore+",Rs 0  ~
402,Narahari Mahato,Purulia,AIFB,0,Post Graduate,"Rs 30,86,000  ~ 30 Lacs+","Rs 4,00,000  ~ 4 Lacs+"
403,RADHA MOHAN SINGH,Purvi Champaran,BJP,0,Graduate,"Rs 76,29,444  ~ 76 Lacs+","Rs 1,84,731  ~ 1 Lacs+"
404,SONIA GANDHI,Rae bareli,INC,0,Others,"Rs 1,37,94,768  ~ 1 Crore+",Rs 0  ~
407,Deepa Dasmunsi,Raiganj,INC,0,Post Graduate,"Rs 1,25,14,145  ~ 1 Crore+",Rs 0  ~
408,Vishu Deo Sai,Raigarh,BJP,0,10th Pass,"Rs 23,02,000  ~ 23 Lacs+",Rs 0  ~
410,ANNAYYAGARI SAI PRATHAP,Rajampet,INC,0,12th Pass,"Rs 62,33,245  ~ 62 Lacs+","Rs 6,05,031  ~ 6 Lacs+"
411,NARAYANSINGH AMLABE,Rajgarh,INC,0,12th Pass,"Rs 38,08,133  ~ 38 Lacs+","Rs 1,61,617  ~ 1 Lacs+"
413,DEVIDHAN BESRA,Rajmahal,BJP,0,10th Pass,"Rs 48,28,559  ~ 48 Lacs+",Rs 0  ~
415,GOPAL SINGH,Rajsamand,INC,0,Graduate Professional,"Rs 41,06,255  ~ 41 Lacs+","Rs 4,89,648  ~ 4 Lacs+"
417,JAYA PRADA NAHATA,Rampur,SP,0,12th Pass,"Rs 13,14,90,118  ~ 13 Crore+","Rs 13,98,995  ~ 13 Lacs+"
419,SUCHARU RANJAN HALDAR,Ranaghat,AITC,0,Post Graduate,"Rs 1,08,82,896  ~ 1 Crore+",Rs 0  ~
421,KANTILAL BHURIA,Ratlam,INC,0,Post Graduate,"Rs 3,05,57,089  ~ 3 Crore+",Rs 0  ~
423,HARIBHAU MADHAV JAWALE,Raver,BJP,0,Graduate,"Rs 78,42,881  ~ 78 Lacs+","Rs 6,29,917  ~ 6 Lacs+"
424,DEORAJ SINGH PATEL,Rewa,BSP,0,Post Graduate,"Rs 3,08,45,000  ~ 3 Crore+","Rs 49,61,271  ~ 49 Lacs+"
425,PAKAURI LAL,Robertsganj,SP,0,Literate,"Rs 17,62,515  ~ 17 Lacs+",Rs 0  ~
426,DEEPENDER SINGH,Rohtak,INC,0,Post Graduate,"Rs 6,53,67,032  ~ 6 Crore+",Rs 0  ~
427,MAHENDRASINH PRUTHVISINH CHAUHAN,Sabarkantha,BJP,0,Graduate Professional,"Rs 88,42,370  ~ 88 Lacs+","Rs 1,61,190  ~ 1 Lacs+"
428,JAGDISH SINGH RANA,Saharanpur,BSP,0,Graduate,"Rs 1,88,67,277  ~ 1 Crore+","Rs 2,98,187  ~ 2 Lacs+"
430,RAMASHANKAR RAJBHAR,Salempur,BSP,0,Graduate,"Rs 23,05,000  ~ 23 Lacs+",Rs 0  ~
431,MAHESWER HAZARI,Samastipur,JD(U),0,Post Graduate,"Rs 69,64,921  ~ 69 Lacs+","Rs 10,54,356  ~ 10 Lacs+"
432,Amarnath Pradhan,Sambalpur,INC,0,Graduate,"Rs 43,25,000  ~ 43 Lacs+","Rs 4,66,494  ~ 4 Lacs+"
433,DR. SHAFIQUR RAHMAN BARQ,Sambhal,BSP,0,Graduate,"Rs 70,59,763  ~ 70 Lacs+",Rs 0  ~
435,VIJAY INDER SINGLA,Sangrur,INC,0,12th Pass,"Rs 3,47,77,859  ~ 3 Crore+","Rs 3,74,957  ~ 3 Lacs+"
436,BHISMA SHANKAR ALIAS KUSHAL TIWARI,Sant Kabir Nagar,BSP,0,12th Pass,"Rs 3,19,26,944  ~ 3 Crore+","Rs 11,25,920  ~ 11 Lacs+"
437,MEIRA KUMAR,Sasaram,INC,0,Post Graduate,"Rs 10,15,65,500  ~ 10 Crore+",Rs 0  ~
440,ANJAN KUMAR YADAV,Secunderabad,INC,0,12th Pass,"Rs 2,06,20,697  ~ 2 Crore+","Rs 15,00,000  ~ 15 Lacs+"
441,RAJESH NANDINI SINGH,Shahdol,INC,0,Graduate,"Rs 1,14,75,000  ~ 1 Crore+","Rs 2,00,000  ~ 2 Lacs+"
442,MITHLESH,Shahjahanpur,SP,0,Graduate,"Rs 80,35,655  ~ 80 Lacs+","Rs 17,46,024  ~ 17 Lacs+"
444,VINCENT H PALA,Shillong,INC,0,Graduate Professional,"Rs 25,16,18,190  ~ 25 Crore+",Rs 0  ~
445,VIRENDER KASHYAP,Shimla,BJP,0,Post Graduate,"Rs 34,34,928  ~ 34 Lacs+",Rs 0  ~
446,B.Y. RAGHAVENDRA,Shimoga,BJP,0,Graduate Professional,"Rs 6,62,73,401  ~ 6 Crore+","Rs 42,34,969  ~ 42 Lacs+"
447,WAKCHOURE BHAUSAHEB RAJARAM,Shirdi,SHS,0,Post Graduate,"Rs 1,78,60,515  ~ 1 Crore+","Rs 24,27,069  ~ 24 Lacs+"
450,GOVIND PRASAD MISHRA,Sidhi,BJP,0,Graduate Professional,"Rs 51,87,425  ~ 51 Lacs+",Rs 0  ~
451,MAHADEV SINGH,Sikar,INC,0,Post Graduate,"Rs 78,79,689  ~ 78 Lacs+",Rs 0  ~
452,PREM DAS RAI,Sikkim,SDF,0,Post Graduate,"Rs 1,85,03,294  ~ 1 Crore+","Rs 8,41,835  ~ 8 Lacs+"
453,Kabindra Purkayastha,Silchar,BJP,0,Post Graduate,"Rs 20,98,543  ~ 20 Lacs+","Rs 81,279  ~ 81 Thou+"
454,MADHU KORA,Singhbhum,IND,0,Graduate,"Rs 98,32,144  ~ 98 Lacs+",Rs 0  ~
456,ARJUN ROY,Sitamarhi,JD(U),0,Doctorate,"Rs 29,07,146  ~ 29 Lacs+","Rs 4,62,913  ~ 4 Lacs+"
457,KAISAR JAHAN,Sitapur,BSP,0,8th Pass,"Rs 65,53,956  ~ 65 Lacs+",Rs 0  ~
458,CHIDAMBARAM P,Sivaganga,INC,0,Post Graduate,"Rs 26,79,08,542  ~ 26 Crore+",Rs 0  ~
460,SHINDE SUSHILKUMAR SAMBHAJIRAO,Solapur,INC,0,Graduate Professional,"Rs 8,60,42,099  ~ 8 Crore+","Rs 37,00,000  ~ 37 Lacs+"
461,JITENDER SINGH,Sonipat,INC,0,Graduate Professional,"Rs 17,79,080  ~ 17 Lacs+",Rs 0  ~
462,RAMESH KUMAR,South Delhi,INC,0,10th Pass,"Rs 2,58,45,997  ~ 2 Crore+","Rs 3,29,812  ~ 3 Lacs+"
463,COSME FRANCISCO CAITANO SARDINHA,South Goa,INC,0,Graduate Professional,"Rs 2,94,73,470  ~ 2 Crore+","Rs 4,43,500  ~ 4 Lacs+"
464,KALYAN BANERJEE,Sreerampur,AITC,0,Graduate Professional,"Rs 1,61,46,266  ~ 1 Crore+","Rs 21,25,000  ~ 21 Lacs+"
465,K. KRUPA RANI,Srikakulam,INC,0,Graduate Professional,"Rs 1,84,91,160  ~ 1 Crore+","Rs 26,42,781  ~ 26 Lacs+"
466,FAROOQ ABDULLAH,Srinagar,JKN,0,Graduate Professional,"Rs 9,78,41,140  ~ 9 Crore+",Rs 0  ~
467,BAALU T R,Sriperumbudur,DMK,0,Graduate,"Rs 7,69,71,478  ~ 7 Crore+",Rs 0  ~
468,DR.SANJAY SINGH,Sultanpur,INC,0,Doctorate,"Rs 6,22,59,720  ~ 6 Crore+",Rs 0  ~
469,HEMANAND BISWAL,Sundargarh,INC,0,12th Pass,"Rs 39,65,226  ~ 39 Lacs+",Rs 0  ~
470,VISHWA MOHAN KUMAR,Supaul,JD(U),0,Post Graduate,"Rs 66,89,616  ~ 66 Lacs+","Rs 4,40,179  ~ 4 Lacs+"
472,SOMABHAI GANDABHAI KOLIPATEL,Surendranagar,INC,0,5th Pass,"Rs 1,86,18,718  ~ 1 Crore+",Rs 0  ~
474,VIJAY BAHUGUNA,Tehri Garhwal,INC,0,Graduate Professional,"Rs 1,35,01,773  ~ 1 Crore+",Rs 0  ~
475,LINGAM P,Tenkasi,CPI,0,Graduate,"Rs 1,59,365  ~ 1 Lacs+","Rs 23,014  ~ 23 Thou+"
476,JOSEPH TOPPO,Tezpur,AGP,0,10th Pass,"Rs 9,36,292  ~ 9 Lacs+","Rs 5,35,000  ~ 5 Lacs+"
478,PALANIMANICKAM.S.S,Thanjavur,DMK,0,Graduate Professional,"Rs 75,23,592  ~ 75 Lacs+","Rs 28,41,136  ~ 28 Lacs+"
479,AARON RASHID.J.M,Theni,INC,0,12th Pass,"Rs 24,89,74,573  ~ 24 Crore+","Rs 21,91,815  ~ 21 Lacs+"
481,JEYADURAI S R,Thoothukkudi,DMK,0,Graduate,"Rs 8,75,26,313  ~ 8 Crore+","Rs 10,90,000  ~ 10 Lacs+"
482,P C Chacko,Thrissur,INC,0,Post Graduate,"Rs 1,63,35,679  ~ 1 Crore+",Rs 0  ~
483,VIRENDRA KUMAR,Tikamgarh,BJP,0,Doctorate,"Rs 25,51,466  ~ 25 Lacs+",Rs 0  ~
484,KUMAR.P,Tiruchirappalli,ADMK,0,Graduate Professional,"Rs 53,45,000  ~ 53 Lacs+","Rs 8,06,395  ~ 8 Lacs+"
485,RAMASUBBU S,Tirunelveli,INC,0,Post Graduate,"Rs 3,47,06,447  ~ 3 Crore+","Rs 18,07,386  ~ 18 Lacs+"
486,Chinta Mohan,Tirupati,INC,0,Graduate Professional,"Rs 55,12,900  ~ 55 Lacs+","Rs 5,57,719  ~ 5 Lacs+"
488,VENUGOPAL.P,Tiruvallur,ADMK,0,Graduate Professional,"Rs 20,74,236  ~ 20 Lacs+","Rs 3,50,000  ~ 3 Lacs+"
489,VENUGOPAL.D,Tiruvannamalai,DMK,0,Others,"Rs 5,70,10,000  ~ 5 Crore+","Rs 15,38,546  ~ 15 Lacs+"
490,BAJU BAN RIYAN,Tripura East,CPM,0,Graduate,"Rs 36,95,981  ~ 36 Lacs+",Rs 0  ~
491,KHAGEN DAS,Tripura West,CPM,0,Post Graduate,"Rs 34,92,580  ~ 34 Lacs+",Rs 0  ~
492,G.S. BASAVARAJU,Tumkur,BJP,0,Graduate Professional,"Rs 5,43,82,029  ~ 5 Crore+","Rs 87,61,621  ~ 87 Lacs+"
493,AGATHA K. SANGMA,Tura,NCP,0,Post Graduate,"Rs 66,44,295  ~ 66 Lacs+",Rs 0  ~
494,Raghuveer singh,Udaipur,INC,0,Graduate,"Rs 67,53,883  ~ 67 Lacs+","Rs 17,50,000  ~ 17 Lacs+"
495,CH. LAL SINGH,Udhampur,INC,0,Graduate,"Rs 17,62,378  ~ 17 Lacs+","Rs 26,50,000  ~ 26 Lacs+"
496,D.V.Sadananda Gowda,Udupi Chikmagalur,BJP,0,Graduate Professional,"Rs 1,43,75,959  ~ 1 Crore+","Rs 24,86,447  ~ 24 Lacs+"
497,ASWAMEDH DEVI,Ujiarpur,JD(U),0,5th Pass,"Rs 1,05,36,274  ~ 1 Crore+","Rs 3,41,141  ~ 3 Lacs+"
499,SULTAN AHMED,Uluberia,AITC,0,Graduate,"Rs 60,26,230  ~ 60 Lacs+","Rs 36,00,555  ~ 36 Lacs+"
502,Mullappally Ramachandran,Vadakara,INC,0,Post Graduate,"Rs 33,16,300  ~ 33 Lacs+","Rs 5,02,346  ~ 5 Lacs+"
504,RAGHUVANSH PRASAD SINGH,Vaishali,RJD,0,Doctorate,"Rs 61,69,238  ~ 61 Lacs+","Rs 2,14,137  ~ 2 Lacs+"
508,ABDUL RAHMAN,Vellore,DMK,0,Graduate,"Rs 1,25,47,128  ~ 1 Crore+","Rs 32,97,328  ~ 32 Lacs+"
509,SUSHMA SWARAJ,Vidisha,BJP,0,Graduate Professional,"Rs 7,35,82,637  ~ 7 Crore+","Rs 58,250  ~ 58 Thou+"
510,L Rajagopal,Vijayawada,INC,0,Graduate Professional,"Rs 1,22,29,64,909  ~ 122 Crore+","Rs 2,39,67,984  ~ 2 Crore+"
511,ANANDAN M,Viluppuram,ADMK,0,12th Pass,"Rs 89,38,646  ~ 89 Lacs+","Rs 9,67,994  ~ 9 Lacs+"
512,MANICKA TAGORE,Virudhunagar,INC,0,Graduate Professional,"Rs 33,13,910  ~ 33 Lacs+",Rs 0  ~
513,D. PURANDARESHWARI,Visakhapatnam,INC,0,Graduate,"Rs 20,26,39,034  ~ 20 Crore+","Rs 5,60,000  ~ 5 Lacs+"
515,Rajaiah Siricilla,Warangal,INC,0,Graduate,"Rs 42,24,704  ~ 42 Lacs+","Rs 14,61,167  ~ 14 Lacs+"
516,DATTA MEGHE,Wardha,INC,0,Graduate,"Rs 28,77,39,495  ~ 28 Crore+","Rs 7,00,08,871  ~ 7 Crore+"
517,M I Shanavas,Wayanad,INC,0,Post Graduate,"Rs 2,39,04,424  ~ 2 Crore+","Rs 25,48,978  ~ 25 Lacs+"
518,MAHABAL MISHRA,West Delhi,INC,0,12th Pass,"Rs 6,19,94,338  ~ 6 Crore+","Rs 9,89,118  ~ 9 Lacs+"
520,SURESH KUMAR SHETKAR,Zahirabad,INC,0,Graduate,"Rs 30,11,999  ~ 30 Lacs+",Rs 0  ~
