,Constituency,Party,Total_Expenses,Name_of_Member,State,Attendance_days,Criminal_Cases,Education,Total_Assets,Liabilities,ratio_ex_as,attendance
31,Warangal,INC,1714478,Shri  Rajaiah  Siricilla                                         ,Andhra Pradesh                                              ,26,0,1,4224704,1461167,0.405822041,1
85,Nizamabad,INC,1376003,Shri  Madhu Goud  Yaskhi                                            ,Andhra Pradesh                                              ,24,0,2,119108338,15422084,0.011552533,0.923076923
251,Chittoor,TDP,1696235,Shri  Naramalli  Sivaprasad                                        ,Andhra Pradesh                                              ,18,0,2,6011000,0,0.282188488,0.692307692
260,Guntur,INC,1241084,Shri   Rayapati S.  Rao                                               ,Andhra Pradesh                                              ,18,3,1,147143582,45204329,0.00843451,0.692307692
296,Narasaraopet,TDP,1521093,Shri  Modugula Venugopala  Reddy                                             ,Andhra Pradesh                                              ,15,2,2,27493309,51964,0.055325934,0.576923077
351,Mahabubabad,INC,1258657,Shri  P.  Balram  Naik                                      ,Andhra Pradesh                                              ,0,0,1,17195194,14122000,0.073198185,0
163,Arunachal West,INC,909291,Shri  Takam  Sanjoy                                            ,Arunachal Pradesh                                           ,22,0,1,24137021,0,0.037672047,0.846153846
340,Arunachal East,INC,889725,Shri  Ninong  Ering                                             ,Arunachal Pradesh                                           ,0,0,1,104320000,1251784,0.008528806,0
8,Autonomous District,INC,2047950,Shri  Biren Singh  Engti                                             ,Assam                                                       ,26,0,2,25297068,0,0.080956022,1
63,Barpeta,INC,1970626,Shri  Ismail Hussain  ,Assam                                                       ,25,0,2,9931726,0,0.198417274,0.961538462
102,Karimganj,INC,1205529,Shri  Lalit  Mohan  Suklabaidya                                       ,Assam                                                       ,24,0,2,4644049,0,0.259585762,0.923076923
143,Kokrajhar,BOPF,2244048,Shri  Sansuma Khunggur  Bwiswmuthiary                                     ,Assam                                                       ,23,0,1,4954903,464860,0.452894436,0.884615385
181,Kaliabor,INC,2208612,Shri  Dip  Gogoi                                             ,Assam                                                       ,22,0,1,2539058,0,0.869854883,0.846153846
243,Dhubri,AUDF,1488604,Shri  Badruddin  Ajmal                                             ,Assam                                                       ,18,0,0,303520991,0,0.004904452,0.692307692
282,Gauhati,BJP,1603292,Smt.  Bijoya  Chakravarty                                       ,Assam                                                       ,16,0,2,1870000,0,0.857375401,0.615384615
290,Mangaldoi,BJP,1827650,Shri  Ramen  Deka                                              ,Assam                                                       ,15,0,1,7579967,0,0.241115825,0.576923077
303,Silchar,BJP,1931725,Shri  Kabindra  Purkayastha                                       ,Assam                                                       ,14,0,2,2098543,81279,0.920507705,0.538461538
317,Tezpur,AGP,1897448,Shri  Joseph  Toppo                                             ,Assam                                                       ,12,0,1,936292,535000,2.026555818,0.461538462
353,Jorhat,INC,1396081,Shri  Bijoy Krishna  Handique                                          ,Assam                                                       ,0,0,2,15428123,0,0.090489362,0
355,Dibrugarh,INC,1555334,Shri  Paban Singh  Ghatowar                                          ,Assam                                                       ,0,0,1,9797014,0,0.158755923,0
362,Lakhimpur,INC,1578937,Smt.  Ranee  Narah                                             ,Assam                                                       ,0,1,1,53976290,0,0.029252418,0
22,Nalanda,JD(U),1956675,Shri  Kaushalendra  Kumar                                             ,Bihar                                                       ,26,0,1,7133058,227065,0.274310822,1
71,Jamui,JD(U),1795831,Shri  Bhudeo  Choudhary                                         ,Bihar                                                       ,25,0,2,4079000,289192,0.440262564,0.961538462
80,Maharajganj,INC,1045822,Shri  Uma Shanaker  Singh                                             ,Bihar                                                       ,25,2,1,10145601,450000,0.103081326,0.961538462
82,Karakat,JD(U),1083892,Shri  Mahabali  Singh                                             ,Bihar                                                       ,25,3,0,6194257,0,0.174983376,0.961538462
120,Buxar,RJD,2328022,Shri  Jagada Nand  Singh                                             ,Bihar                                                       ,24,1,2,6565488,12263,0.354584762,0.923076923
124,Paschim Champaran,BJP,2115647,Dr.  Sanjay  Jaiswal                                           ,Bihar                                                       ,24,2,2,10950474,1169173,0.193201408,0.923076923
126,Aurangabad,SHS,668346,Shri  Sushil Kumar  Singh                                             ,Bihar                                                       ,24,4,2,20887871,741199,0.031996846,0.923076923
129,Aurangabad,SHS,668346,Shri  Sushil Kumar  Singh                                             ,Bihar                                                       ,24,16,1,14151539,1472122,0.047227796,0.923076923
148,Madhepura,JD(U),1589031,Shri  Sharad  Yadav                                             ,Bihar                                                       ,23,1,2,14107050,0,0.112640914,0.884615385
177,Supaul,JD(U),2191979,Shri  Vishwa Mohan  Kumar                                             ,Bihar                                                       ,22,0,2,6689616,440179,0.327668883,0.846153846
178,Kishanganj,INC,1634991,Shri  Mohammad Asrarul  Haque                                             ,Bihar                                                       ,22,0,2,3646860,0,0.448328425,0.846153846
218,Sheohar,BJP,1286704,Smt.    Rama Devi                                         ,Bihar                                                       ,21,5,2,69429234,883367,0.018532597,0.807692308
212,Valmiki Nagar,JD(U),2204239,Shri  Baidyanath Prasad  Mahto                                             ,Bihar                                                       ,21,1,1,4428802,520445,0.497705474,0.807692308
237,Sitamarhi,JD(U),1618761,Shri  Arjun  Roy                                               ,Bihar                                                       ,19,0,2,2907146,462913,0.556821364,0.730769231
258,Siwan,IND,1341715,Shri  Om Prakash  Yadav                                             ,Bihar                                                       ,18,1,1,3032500,0,0.442445177,0.692307692
273,Purnia,BJP,830049,Shri  Uday  Singh                                             ,Bihar                                                       ,17,2,1,419130669,1410120,0.001980406,0.653846154
174,Mahasamund,BJP,1388829,Shri  Chandulal Sahu  Chandu Bhaiya  ,Chhattisgarh                                                ,22,0,2,6805000,1300000,0.204089493,0.846153846
175,Kanker,BJP,1714997,Shri  Sohan  Potai                                             ,Chhattisgarh                                                ,22,0,2,8261296,0,0.207594184,0.846153846
182,Durg,BJP,1123933,Kum.  Saroj  Pandey                                            ,Chhattisgarh                                                ,22,0,2,379787,667787,2.95937723,0.846153846
292,Raigarh,BJP,1443034,Shri  Vishnu Deo  Sai                                               ,Chhattisgarh                                                ,15,0,1,2302000,0,0.62686099,0.576923077
326,Rajnandgaon,BJP,1854221,Shri  Madhusudan  Yadav                                             ,Chhattisgarh                                                ,10,1,1,1165680,0,1.590677544,0.384615385
346,Korba,INC,1540117,Dr.  Charan Das  Mahant                                            ,Chhattisgarh                                                ,0,0,2,42704354,1643424,0.036064636,0
6,South Delhi,INC,1863464,Shri  Ramesh  Kumar                                             ,Delhi                                                       ,26,0,1,25845997,329812,0.072098747,1
61,East Delhi,INC,1497619,Shri  Sandeep  Dikshit                                           ,Delhi                                                       ,25,0,2,18146428,1980887,0.082529686,0.961538462
338,Chandni Chowk,INC,1217347,Shri  Kapil  Sibal                                             ,Delhi                                                       ,0,0,2,319722459,0,0.003807512,0
55,South Goa,INC,1030814,Shri  Francisco  Sardinha                                          ,Goa                                                         ,25,0,2,29473470,443500,0.034974301,0.961538462
199,North Goa,BJP,928846,Shri  Shripad Yesso  Naik                                              ,Goa                                                         ,21,0,1,9897462,912582,0.093846887,0.807692308
16,Sabarkantha,BJP,1434547,Shri  Chauhan  Mahendrasinh                                      ,Gujarat                                                     ,26,0,2,8842370,161190,0.162235577,1
19,Dahod,INC,1494431,Dr.  Prabha Kishore  Taviad                                            ,Gujarat                                                     ,26,0,2,6823687,0,0.219006382,1
45,Navsari,BJP,1702229,Shri  C. R.  Patil                                             ,Gujarat                                                     ,26,6,1,242083697,42208512,0.007031572,1
91,Ahmedabad West,BJP,1453464,Dr.  Kiritbhai  Premajibhai    Solanki                            ,Gujarat                                                     ,24,0,2,26122439,709488,0.05564044,0.923076923
103,Bhavnagar,BJP,1443130,Shri  Rajendrasinh  Rana                                              ,Gujarat                                                     ,24,0,2,5508711,0,0.261972356,0.923076923
123,Ahmedabad East,BJP,1342744,Shri  Harin  Pathak                                            ,Gujarat                                                     ,24,2,2,14578184,22734,0.092106397,0.923076923
125,Valsad,INC,1299760,Shri  Kishan V.  Patel                                             ,Gujarat                                                     ,24,2,1,1520245,0,0.854967456,0.923076923
140,Chhota Udaipur,BJP,1802274,Shri  Ramsinhbhai Patalbhai  Rathwa                                            ,Gujarat                                                     ,23,0,1,10501785,6624317,0.171615968,0.884615385
144,Bharuch,BJP,1535399,Shri  Mansukhbhai Dhanjibhai  Vasava                                            ,Gujarat                                                     ,23,0,1,2441000,833462,0.629004097,0.884615385
150,Surat,BJP,1287682,Smt.  Darshana  Jardosh                                           ,Gujarat                                                     ,23,1,1,9021338,395000,0.142737363,0.884615385
216,Rajkot,INC,1383907,Shri  Kuvarjibhai Mohanbhai  Bavalia                                           ,Gujarat                                                     ,21,3,1,4560852,599799,0.303431683,0.807692308
191,Surendranagar,INC,1040901,Shri  Somabhai Gandalal Koli  Patel                                             ,Gujarat                                                     ,21,0,0,18618718,0,0.055906159,0.807692308
234,Amreli,BJP,1484684,Shri    Naranbhai   Kachhadia                             ,Gujarat                                                     ,19,0,0,4748283,300000,0.312678078,0.730769231
246,Banaskantha,INC,917508,Shri  Mukeshkumar  Bheiravdanji  Gadhvi                              ,Gujarat                                                     ,18,0,1,22694764,0,0.04042818,0.692307692
249,Jamnagar,INC,1093075,Shri  Vikrambhai Arjanbhai  Maadam    Ahir                                    ,Gujarat                                                     ,18,0,1,15590109,400000,0.070113365,0.692307692
259,Vadodara,BJP,1776632,Shri  Balkrishna Khanderao  Shukla                                            ,Gujarat                                                     ,18,1,1,2662058,216512,0.667390417,0.692307692
261,Panchmahal,BJP,1430397,Shri  Prabhatsinh  Pratapsinh Chauhan                                ,Gujarat                                                     ,18,3,1,7255000,0,0.197160165,0.692307692
291,Patan,INC,1825191,Shri  Jagdish  Thakor                                            ,Gujarat                                                     ,15,0,1,3389298,1158381,0.53851594,0.576923077
330,Porbandar,INC,2010851,Shri   Vitthalbhai  Harnsrajbhai   Radadiya                           ,Gujarat                                                     ,8,16,1,20675722,0,0.097256628,0.307692308
332,Junagadh,BJP,1981234,Shri  Dinubhai  Boghabhal   Solanki                               ,Gujarat                                                     ,7,1,1,19460865,5945896,0.101806061,0.269230769
343,Kheda,INC,454374,Shri  Dinsha  Patel                                             ,Gujarat                                                     ,0,0,1,23065019,3480352,0.019699702,0
131,Bhiwani-Mahendragarh,INC,1270746,Smt.  Shruti  Choudhry                                          ,Haryana                                                     ,23,0,2,167266000,17000000,0.007597157,0.884615385
152,Sirsa,INC,1780864,Shri  Ashok  Tanwar                                            ,Haryana                                                     ,23,2,2,23664959,0,0.075253205,0.884615385
219,Kurukshetra,INC,1792285,Shri  Naveen  Jindal                                            ,Haryana                                                     ,20,0,2,1310730000,0,0.001367395,0.769230769
223,Gurgaon,INC,1334866,Shri  Inderjit Singh  Rao                                              ,Haryana                                                     ,20,0,2,67383257,96692,0.019810055,0.769230769
225,Karnal,INC,1888418,Dr.  Arvind Kumar  Sharma                                            ,Haryana                                                     ,20,0,2,19071256,0,0.099019068,0.769230769
265,Rohtak,INC,1415651,Shri  Deepender Singh  Hooda                                             ,Haryana                                                     ,17,0,2,65367032,0,0.021656957,0.653846154
322,Faridabad,INC,1241268,Shri  Avtar Singh  Bhadana                                           ,Haryana                                                     ,11,1,0,40573585,0,0.030593008,0.423076923
325,Hisar,HJCBL,1159698,Shri    Bhajan Lal                                        ,Haryana                                                     ,10,0,1,65113381,7354075,0.017810441,0.384615385
347,Ambala,INC,1724028,Kumari    Selja                                             ,Haryana                                                     ,0,0,2,46711386,0,0.036908089,0
360,Sonipat,INC,1054980,Shri  Jitender  Singh                                             ,Haryana                                                     ,0,0,2,1779080,0,0.592991883,0
59,Kangra,BJP,818572,Dr.  Rajan  Sushant                                           ,Himachal Pradesh                                            ,25,0,2,11024873,2488285,0.074247749,0.961538462
87,Hamirpur,BJP,1217050,Shri  Anurag Singh  Thakur                                            ,Himachal Pradesh                                            ,24,0,2,42956873,623689,0.028331904,0.923076923
88,Hamirpur,BSP,1692822,Shri  Anurag Singh  Thakur                                            ,Himachal Pradesh                                            ,24,0,2,42956873,623689,0.039407477,0.923076923
104,Shimla,BJP,900766,Shri  Virender  Kashyap                                           ,Himachal Pradesh                                            ,24,0,2,3434928,0,0.262237229,0.923076923
90,Hamirpur,BJP,1217050,Shri  Anurag Singh  Thakur                                            ,Himachal Pradesh                                            ,24,0,1,24150103,2504550,0.05039523,0.923076923
93,Hamirpur,BSP,1692822,Shri  Anurag Singh  Thakur                                            ,Himachal Pradesh                                            ,24,0,1,24150103,2504550,0.07009585,0.923076923
5,Ladakh,IND,397550,Shri  Hassan  Khan                                              ,Jammu and Kashmir                                           ,26,0,1,6065000,0,0.065548228,1
118,Jammu,INC,808196,Shri  Madan Lal  Sharma                                            ,Jammu and Kashmir                                           ,24,1,1,11882734,149750,0.068014314,0.923076923
172,Baramulla,JKN,1781000,Shri  Sharief Ud Din  Shariq                                            ,Jammu and Kashmir                                           ,22,0,2,11955000,1310000,0.148975324,0.846153846
207,Anantnag,JKN,2446102,Shri  Mirza Mehboob  Beg                                               ,Jammu and Kashmir                                           ,21,0,2,4850000,0,0.504350928,0.807692308
209,Udhampur,INC,1482694,Chaudhary  Lal  Singh                                             ,Jammu and Kashmir                                           ,21,0,1,1762378,2650000,0.841303058,0.807692308
49,Godda,BJP,1193250,Shri  Nishikant  Dubey                                             ,Jharkhand                                                   ,25,0,2,101037987,0,0.011809915,0.961538462
117,Hazaribagh,BJP,1689442,Shri  Yashwant  Sinha                                             ,Jharkhand                                                   ,24,1,2,36576217,0,0.046189632,0.923076923
111,Lohardaga,BJP,2106156,Shri  Sudarshan  Bhagat                                            ,Jharkhand                                                   ,24,0,1,3093207,236750,0.680897205,0.923076923
308,Kodarma,JVM,2290467,Shri  Babu Lal  Marandi                                           ,Jharkhand                                                   ,13,1,1,2137675,0,1.071475786,0.5
335,Dumka,JMM,1638738,Shri  Shibu  Soren                                             ,Jharkhand                                                   ,5,3,1,8229419,7265635,0.199131676,0.192307692
364,Ranchi,INC,1918174,Shri  Subodh Kant  Sahay                                             ,Jharkhand                                                   ,0,1,1,27179918,0,0.070573208,0
52,Tumkur,BJP,967068,Shri  G.S.  Basavaraj                                         ,Karnataka                                                   ,25,0,2,54382029,8761621,0.01778286,0.961538462
95,Bangalore South,BJP,1296549,Shri    Ananth Kumar                                      ,Karnataka                                                   ,24,0,2,12206366,0,0.106219083,0.923076923
130,Haveri,BJP,1533635,Shri  Udasi Shivkumar  Chanabasappa                                      ,Karnataka                                                   ,23,0,1,323361935,33833437,0.004742781,0.884615385
154,Uttara Kannada,BJP,1255616,Shri  Anant Kumar  Hegde                                             ,Karnataka                                                   ,23,3,1,6427192,3955458,0.195359964,0.884615385
192,Mysore,INC,1587295,Shri  Adagooru  Vishwanath                                        ,Karnataka                                                   ,21,0,2,28291172,7367061,0.056105664,0.807692308
203,Koppal,BJP,1865093,Shri  Shivarama  Gouda                                             ,Karnataka                                                   ,21,0,2,14518988,3078847,0.128458884,0.807692308
194,Bijapur,BJP,686056,Shri  Ramesh Chandappa  Jigajinagi                                        ,Karnataka                                                   ,21,0,1,11753725,3902460,0.05836924,0.807692308
221,Davanagere,BJP,1853805,Shri   G.M.  Siddeswara                                        ,Karnataka                                                   ,20,0,1,140248867,4263675,0.013217968,0.769230769
245,Shimoga,BJP,958583,Shri  B. Y.  Raghavendra                                       ,Karnataka                                                   ,18,0,2,66273401,4234969,0.014464068,0.692307692
263,Mandya,JD(S),1725324,Shri  N. Cheluvaraya Swamy  ,Karnataka                                                   ,18,15,1,54168804,4125000,0.031850879,0.692307692
277,Hassan,JD(S),1354693,Shri  H.D.  Devegowda                                         ,Karnataka                                                   ,16,0,0,19624664,6499000,0.069030125,0.615384615
289,Bagalkot,BJP,1002049,Shri  P.C.  Gaddigoudar                                       ,Karnataka                                                   ,15,0,2,16762000,6674134,0.059780993,0.576923077
321,Udupi Chikmagalur,BJP,1499820,Shri  D.V. Sadananda  Gowda                                             ,Karnataka                                                   ,11,0,2,14375959,2486447,0.104328344,0.423076923
9,Thrissur,INC,1660856,Shri  P.C.  Chacko                                            ,Kerala                                                      ,26,0,2,16335679,0,0.10167046,1
18,Kottayam,KEC(M),1678839,Shri  Jose K.  Mani                                              ,Kerala                                                      ,26,0,2,9651729,0,0.173941788,1
34,Idukki,INC,2025249,Adv.  P. T.  Thomas                                            ,Kerala                                                      ,26,0,2,3984094,448284,0.508333639,1
41,Chalakudy,INC,1253299,Shri  K. P.  Dhanapalan                                        ,Kerala                                                      ,26,1,1,2954364,0,0.424219561,1
115,Alathur,CPM,948886,Shri  P. K.  Biju                                              ,Kerala                                                      ,24,0,2,461000,0,2.058321041,0.923076923
114,Pathanamthitta,INC,1731926,Shri  Anto  Antony                                            ,Kerala                                                      ,24,0,1,1424205,1706713,1.216065103,0.923076923
185,Attingal,CPM,1902458,Adv.  A.  Sampath                                           ,Kerala                                                      ,22,2,2,8999000,2150029,0.211407712,0.846153846
180,Kozhikode,INC,1010670,Shri  M. K.  Raghavan                                          ,Kerala                                                      ,22,0,1,1409694,1055000,0.716942826,0.846153846
196,Wayanad,INC,1580237,Shri  M. I.  Shanavas                                          ,Kerala                                                      ,21,0,2,23904424,2548978,0.066106466,0.807692308
230,Kasaragod,CPM,1276625,Shri  P.  Karunakaran                                       ,Kerala                                                      ,20,12,2,17823645,0,0.071625361,0.769230769
240,Kannur,INC,2001133,Shri  K.  Sudhakaran                                        ,Kerala                                                      ,19,3,2,7359040,600000,0.27192854,0.730769231
274,Kollam,INC,2012292,Shri  N.  Peethambarakurup                                  ,Kerala                                                      ,17,2,1,2810132,0,0.716084511,0.653846154
352,Ernakulam,INC,1214541,Prof.  K.V.  Thomas                                            ,Kerala                                                      ,0,0,2,15041664,2209490,0.080745122,0
358,Vadakara,INC,1269623,Shri  Mullappally  Ramachandran                                      ,Kerala                                                      ,0,0,2,3316300,502346,0.382843229,0
359,Alappuzha,INC,1498732,Shri  K. C.  Venugopal                                         ,Kerala                                                      ,0,0,2,3533704,203374,0.424124941,0
361,Thiruvananthapuram,INC,1859879,Dr.  Shashi  Tharoor                                           ,Kerala                                                      ,0,1,2,212442472,0,0.008754742,0
369,Mavelikkara,INC,1206050,Shri    Kodikunnil  Suresh                                ,Kerala                                                      ,0,4,2,1652747,77210,0.729724513,0
0,Lakshadweep,INC,202226,Shri  Hamdullah  Sayeed                                            ,Lakshadweep                                                 ,26,0,2,20977767,0,0.009640016,1
1,Vidisha,BJP,892957,Smt.  Sushma  Swaraj                                            ,Madhya Pradesh                                              ,26,0,2,73582637,58250,0.012135431,1
12,Khajuraho,BJP,1339298,Shri  Jeetendra Singh  Bundela                                           ,Madhya Pradesh                                              ,26,0,2,10596506,0,0.126390529,1
21,Sidhi,BJP,1211086,Shri  Govind Prasad  Mishra                                            ,Madhya Pradesh                                              ,26,0,2,5187425,0,0.233465737,1
37,Tikamgarh,BJP,1639677,Shri    Virendra Kumar                                    ,Madhya Pradesh                                              ,26,0,2,2551466,0,0.642641133,1
10,Shahdol,INC,1195195,Smt.  Rajesh Nandini  Singh                                             ,Madhya Pradesh                                              ,26,0,1,11475000,200000,0.104156427,1
72,Rajgarh,INC,2090485,Shri  Narayan Singh  Amlabe                                            ,Madhya Pradesh                                              ,25,0,1,3808133,161617,0.548952728,0.961538462
89,Dewas,INC,1068001,Shri  Sajjan Singh  Verma                                             ,Madhya Pradesh                                              ,24,0,2,27042325,1104525,0.039493683,0.923076923
96,Indore,BJP,894544,Smt.  Sumitra  Mahajan                                           ,Madhya Pradesh                                              ,24,0,2,7974006,4429400,0.112182509,0.923076923
141,Bhopal,BJP,1044402,Shri  Kailash  Joshi                                             ,Madhya Pradesh                                              ,23,0,1,5885927,0,0.177440529,0.884615385
187,Satna,BJP,1800641,Shri  Ganesh  Singh                                             ,Madhya Pradesh                                              ,22,3,2,7372032,16585,0.244253009,0.846153846
186,Ujjain,INC,1765366,Shri  Premchand  Guddu                                             ,Madhya Pradesh                                              ,22,3,0,105031313,1500000,0.016807997,0.846153846
200,Dhar,INC,1956209,Shri  Gajendra Singh  Rajukhedi                                         ,Madhya Pradesh                                              ,21,0,2,20653466,0,0.094715773,0.807692308
202,Betul,BJP,861555,Smt.  Jyoti  Dhurve                                            ,Madhya Pradesh                                              ,21,0,2,7135000,638122,0.120750526,0.807692308
205,Jabalpur,BJP,1281972,Shri  Rakesh  Singh                                             ,Madhya Pradesh                                              ,21,0,1,9231699,10545,0.138866313,0.807692308
217,Bhind,BJP,942287,Shri  Ashok  Argal                                             ,Madhya Pradesh                                              ,21,4,1,7972241,100000,0.118196,0.807692308
232,Hoshangabad,INC,1421282,Shri  Uday Pratap  Singh                                             ,Madhya Pradesh                                              ,19,0,1,39906000,1374065,0.035615747,0.730769231
248,Rewa,BSP,1835146,Shri  Deoraj Singh  Patel                                             ,Madhya Pradesh                                              ,18,0,2,30845000,4961271,0.059495737,0.692307692
253,Mandla,INC,1734616,Shri  Basori Singh  Masram                                            ,Madhya Pradesh                                              ,18,0,0,3621178,350000,0.479019811,0.692307692
271,Mandsour,INC,1478951,Smt.  Meenakshi  Natrajan                                          ,Madhya Pradesh                                              ,17,0,2,1126966,0,1.312329742,0.653846154
268,Damoh,BJP,1641086,Shri  Shivraj  Bhaiya                                            ,Madhya Pradesh                                              ,17,0,1,8929326,286513,0.1837861,0.653846154
279,Morena,BJP,1112924,Shri  Narendra Singh  Tomar                                             ,Madhya Pradesh                                              ,16,0,1,3453203,1780000,0.322287453,0.615384615
278,Khargone,BJP,1103222,Shri  Makhansingh  Solanki                                           ,Madhya Pradesh                                              ,16,0,0,5838265,204826,0.188964016,0.615384615
341,Guna,INC,1379878,Shri  Jyotiraditya Madhavrao  Scindia                                           ,Madhya Pradesh                                              ,0,0,2,149094212,0,0.009255074,0
363,Khandwa,INC,1611237,Shri  Arun  Yadav                                             ,Madhya Pradesh                                              ,0,1,1,53289688,27562966,0.030235437,0
43,Thane,NCP,2104048,Dr.  Sanjeev Ganesh  Naik                                              ,Maharashtra                                                 ,26,2,1,30415344,0,0.069177189,1
33,Palghar,BVA,1069653,Shri   Baliram  Jadhav                                          ,Maharashtra                                                 ,26,0,0,2399053,0,0.445864681,1
50,Jalgaon,BJP,1474623,Shri  A.T. Nana  Patil                                             ,Maharashtra                                                 ,25,0,1,103839607,9200000,0.014200969,0.961538462
62,Nagpur,INC,1740208,Shri  Vilasrao Baburao  Muttemwar                                         ,Maharashtra                                                 ,25,0,1,15302294,2756726,0.113722034,0.961538462
99,Gadchiroli-Chimur,INC,1673889,Shri  Marotrao  Sainuji   Kowase                                  ,Maharashtra                                                 ,24,0,1,10776756,500000,0.155324014,0.923076923
166,Parbhani,SHS,1358692,Adv.   Ganeshrao  Nagorao Dudhgaonkar                               ,Maharashtra                                                 ,22,0,2,28111720,0,0.04833187,0.846153846
184,Raigad,SHS,1513192,Shri  Anant Gangaram  Geete                                             ,Maharashtra                                                 ,22,1,1,8555617,0,0.176865327,0.846153846
189,Bhiwandi,INC,1469474,Shri   Suresh  Kashinath   Taware                                ,Maharashtra                                                 ,21,0,1,109039952,1250000,0.013476473,0.807692308
211,Latur,INC,2316213,Shri  Jaywant  Gangaram   Awale                                  ,Maharashtra                                                 ,21,1,1,30485766,0,0.075976867,0.807692308
226,Raver,BJP,1436404,Shri  Haribhau  Jawale                                            ,Maharashtra                                                 ,20,0,1,7842881,629917,0.183147494,0.769230769
242,Baramati,NCP,1116411,Smt.  Supriya  Sule                                              ,Maharashtra                                                 ,18,0,1,515363663,0,0.002166259,0.692307692
254,Hatkanangle,SWP,1842778,Shri   Raju Shetti  ,Maharashtra                                                 ,18,0,1,2253785,104341,0.817636997,0.692307692
262,Nanded,INC,2014275,Shri  Bhaskarrao  Patil  Khatgaonkar  ,Maharashtra                                                 ,18,4,1,62416000,260000,0.032271773,0.692307692
267,Shirdi,SHS,1505938.87,Shri   Bhausaheb  Rajaram   Wakchaure                               ,Maharashtra                                                 ,17,0,2,17860515,2427069,0.084316654,0.653846154
275,Beed,BJP,1936922,Shri   Gopinathrao  Pandurang   Munde                                 ,Maharashtra                                                 ,17,4,2,62250603,45090238,0.031114911,0.653846154
272,Dindori,BJP,1067164,Shri  Harischandra Deoram  Chavan                                            ,Maharashtra                                                 ,17,1,1,8515581,1520114,0.125318989,0.653846154
285,Satara,NCP,1884788,Shri   Udayanraje  Bhonsle                                          ,Maharashtra                                                 ,16,14,0,117253344,1800000,0.016074493,0.615384615
286,Dhule,BJP,1392254,Shri  Sonawane  Pratap Narayanrao                                 ,Maharashtra                                                 ,15,0,2,142157029,6581693,0.009793775,0.576923077
294,Kalyan,SHS,1844939,Shri  Anand Prakash  Paranjpe                                          ,Maharashtra                                                 ,15,1,2,11998220,3871225,0.153767726,0.576923077
297,Jalna,BJP,1362636,Shri  Raosaheb  Dadarao  Danve                                             ,Maharashtra                                                 ,15,3,1,24271518,530771,0.056141359,0.576923077
299,Ahmednagar,BJP,1207490,Shri  Dilip Kumar Mansukhlal  Gandhi                                            ,Maharashtra                                                 ,15,9,1,13053391,955351,0.092503933,0.576923077
301,Kolhapur,IND,1061023,Shri  Sadashivrao Dadoba  Mandlik                                           ,Maharashtra                                                 ,14,0,1,11552012,0,0.091847463,0.538461538
309,Aurangabad,SHS,668346,Shri  Chandrakant  Khaire                                            ,Maharashtra                                                 ,13,4,2,20887871,741199,0.031996846,0.5
305,Nashik,NCP,2199595,Shri  Sameer  Bhujbal                                           ,Maharashtra                                                 ,13,0,1,66660039,0,0.032997205,0.5
307,Yavatmal-Washim,SHS,1664688,Smt.  Bhavana  Gawali                                            ,Maharashtra                                                 ,13,1,1,30399471,2430911,0.054760427,0.5
310,Hingoli,SHS,1751123,Shri  Subhash Bapurao  Wankhede                                          ,Maharashtra                                                 ,13,4,1,3488000,484000,0.502042144,0.5
312,Aurangabad,SHS,668346,Shri  Chandrakant  Khaire                                            ,Maharashtra                                                 ,13,16,1,14151539,1472122,0.047227796,0.5
313,Chandrapur,BJP,1783265,Shri  Hansraj Gangaram  Ahir                                              ,Maharashtra                                                 ,13,30,1,8084050,262243,0.220590546,0.5
311,Maval,SHS,1667211,Shri  Gajanan D.  Babar                                             ,Maharashtra                                                 ,13,7,0,67831434,0,0.024578737,0.5
320,Buldhana,SHS,1762603,Shri   Prataprao  Ganpatrao Jadhav                                  ,Maharashtra                                                 ,12,10,1,12052820,4541550,0.146239884,0.461538462
323,Shirur,SHS,1911500,Shri  Shivaji  Adhalrao Patil                                    ,Maharashtra                                                 ,11,4,2,127113134,16221275,0.015037785,0.423076923
366,Amravati,SHS,1805782,Shri  Anandrao  Adsul                                             ,Maharashtra                                                 ,0,1,1,17708418,0,0.101973084,0
365,Sangli,INC,1780344,Shri  Pratik  Patil                                             ,Maharashtra                                                 ,0,1,0,22137000,1358000,0.080423906,0
32,Outer Manipur,INC,723242,Shri  Thangso  Baite                                             ,Manipur                                                     ,26,0,2,1778418,880000,0.40667717,1
38,Inner Manipur,INC,1389610,Dr.  Thokchom  Meinya                                            ,Manipur                                                     ,26,0,2,1639200,0,0.847736701,1
339,Shillong,INC,982698,Shri  Vincent H.  Pala                                              ,Meghalaya                                                   ,0,0,2,251618190,0,0.003905513,0
357,Tura,NCP,1694562,Km.  Agatha K.  Sangma                                            ,Meghalaya                                                   ,0,0,2,6644295,0,0.255040151,0
3,Mizoram,INC,240816,Shri  C. L.  Ruala                                             ,Mizoram                                                     ,26,0,2,5354186,0,0.044977145,1
2,Cuttack,BJD,1252710,Shri  Bhartruhari  Mahtab                                            ,Orissa                                                      ,26,0,2,50793831,0,0.024662641,1
14,Bhadrak,BJD,1537869,Shri  Arjun Charan  Sethi                                             ,Orissa                                                      ,26,0,2,11061000,2500000,0.139035259,1
20,Jagatsinghpur,CPI,987132,Shri  Bibhu Prasad  Tarai                                             ,Orissa                                                      ,26,0,2,4460251,43000,0.22131759,1
25,Berhampur,BJD,1649751,Shri  Sidhant  Mohapatra                                         ,Orissa                                                      ,26,0,2,4828474,118884,0.341671302,1
30,Bargarh,INC,673444,Shri  Sanjay  Bhoi                                              ,Orissa                                                      ,26,0,1,1700000,0,0.396143529,1
47,Dhenkanal,BJD,1369664,Shri  Tathagata  Satpathy                                          ,Orissa                                                      ,26,13,1,5515930,0,0.24831062,1
83,Kalahandi,INC,1438107,Shri  Bhakta Charan  Das                                               ,Orissa                                                      ,25,4,2,5582100,2061217,0.257628312,0.961538462
110,Bhubaneswar,BJD,918837,Shri  Prasanna  Kumar Patasani                                    ,Orissa                                                      ,24,0,2,1477178,0,0.622021855,0.923076923
101,Sambalpur,INC,998880,Shri  Amarnath  Pradhan                                           ,Orissa                                                      ,24,0,1,4325000,466494,0.230954913,0.923076923
105,Kandhamal,BJD,1188799,Shri  Rudramadhab  Ray                                               ,Orissa                                                      ,24,0,1,4387647,566588,0.270942261,0.923076923
108,Sundargarh,INC,1609358,Shri  Hemanand  Biswal                                            ,Orissa                                                      ,24,0,1,3965226,0,0.405867913,0.923076923
128,Keonjhar,BJD,2497207,Shri  Yashbant N.S.  Laguri                                            ,Orissa                                                      ,24,6,1,575000,15000000,4.342968696,0.923076923
137,Koraput,BJD,692312,Shri  Jayaram  Pangi                                             ,Orissa                                                      ,23,0,1,6182372,0,0.111981615,0.884615385
145,Nabarangpur,INC,797695,Shri  Pradeep  Majhi                                             ,Orissa                                                      ,23,0,1,850000,345830,0.938464706,0.884615385
179,Jajpur,BJD,1535239,Shri  Mohan  Jena                                              ,Orissa                                                      ,22,0,2,3046404,0,0.503951216,0.846153846
213,Bolangir,BJD,2001321,Shri  Kalikesh N. Singh  Deo                                               ,Orissa                                                      ,21,2,1,36148185,1431104,0.055364356,0.807692308
220,Puri,BJD,871753,Shri  Pinaki  Misra                                             ,Orissa                                                      ,20,0,1,296900000,0,0.002936184,0.769230769
244,Kendrapara,BJD,1486415,Shri  Baijayant  Panda                                             ,Orissa                                                      ,18,0,2,161100792,451767,0.009226615,0.692307692
293,Mayurbhanj,BJD,991512,Shri  Laxman  Tudu                                              ,Orissa                                                      ,15,0,1,173000,38986,5.731283237,0.576923077
306,Aska,BJD,969758,Shri  Nityananda  Pradhan                                           ,Orissa                                                      ,13,1,2,26616692,1525000,0.036434205,0.5
94,Faridkot,SAD,1147740,Smt.  Paramjit Kaur  Gulshan                                           ,Punjab                                                      ,24,0,2,14208609,2185837,0.080777788,0.923076923
134,Hoshiarpur,INC,1245461,Smt.  Santosh  Chowdhary                                         ,Punjab                                                      ,23,0,2,26816253,0,0.046444259,0.884615385
147,Khadoor Sahib,SAD,1232427,Dr.  Rattan Singh  Ajnala                                            ,Punjab                                                      ,23,1,2,18774102,0,0.065645057,0.884615385
264,Anandpur Sahib,INC,175024,Shri  Ravneet  Singh                                             ,Punjab                                                      ,17,0,1,21821443,300000,0.008020734,0.653846154
276,Jalandhar,INC,1583439,Shri  Mohinder Singh  Kaypee                                            ,Punjab                                                      ,16,0,2,48196591,125000,0.032853755,0.615384615
324,Bathinda,SAD,1100204,Smt.  Harsimrat Kaur  Badal                                             ,Punjab                                                      ,10,0,1,603100135,13800,0.001824248,0.384615385
331,Gurdaspur,INC,1160562,Shri  Partap Singh  Bajwa                                             ,Punjab                                                      ,7,0,1,68053249,100000,0.017053734,0.269230769
333,Amritsar,BJP,1703665,Shri  Navjot Singh  Sidhu                                             ,Punjab                                                      ,6,1,1,145037236,0,0.011746397,0.230769231
350,Ludhiana,INC,1847705,Shri  Manish  Tewari                                            ,Punjab                                                      ,0,0,2,29941543,0,0.061710414,0
337,Patiala,INC,1438708,Smt.    Preneet Kaur                                      ,Punjab                                                      ,0,0,1,423043438,0,0.003400852,0
344,Sangrur,INC,724530,Shri  Vijay Inder  Singla                                            ,Punjab                                                      ,0,0,1,34777859,374957,0.020833082,0
4,Churu,BJP,1780366,Shri  Ram Singh  Kaswan                                            ,Rajasthan                                                   ,26,0,2,27403097,0,0.064969518,1
13,Jaipur,INC,1428014,Shri  Mahesh  Joshi                                             ,Rajasthan                                                   ,26,0,2,10388500,1245000,0.137461039,1
29,Bikaner,BJP,1003168,Shri  Arjun Ram  Meghwal                                           ,Rajasthan                                                   ,26,0,2,2563467,0,0.39133252,1
48,Kota,INC,1470786,Shri  Ijyaraj  Singh                                             ,Rajasthan                                                   ,25,0,2,180131144,0,0.008165084,0.961538462
54,Nagaur,INC,1273931,Dr.  Jyoti  Mirdha                                            ,Rajasthan                                                   ,25,0,2,39039915,0,0.0326315,0.961538462
69,Ganganagar,INC,1893356,Shri  Bharat Ram  Meghwal                                           ,Rajasthan                                                   ,25,0,2,5016000,400000,0.377463317,0.961538462
65,Udaipur,INC,1566128,Shri  Raghuvir Singh  Meena                                             ,Rajasthan                                                   ,25,0,1,6753883,1750000,0.231885569,0.961538462
68,Barmer,INC,1629533,Shri  Harish  Choudhary                                         ,Rajasthan                                                   ,25,0,1,4953849,1295812,0.328942808,0.961538462
97,Bharatpur,INC,1609457,Shri  Ratan  Singh                                             ,Rajasthan                                                   ,24,0,2,11967191,335314,0.134489121,0.923076923
119,Chittorgarh,INC,1335368,Dr.  Girija  Vyas                                              ,Rajasthan                                                   ,24,1,2,8721354,0,0.153114757,0.923076923
116,Pali,INC,1309655,Shri  Badri Ram  Jakhar                                            ,Rajasthan                                                   ,24,1,0,60243814,498169,0.021739244,0.923076923
139,Rajsamand,INC,510778,Shri  Gopal  Singh  Shekhawat                                  ,Rajasthan                                                   ,23,0,2,4106255,489648,0.124390229,0.884615385
132,Karauli-Dholpur,INC,1802262,Shri  Khiladi Lal  Bairwa                                            ,Rajasthan                                                   ,23,0,1,62802340,5693479,0.02869737,0.884615385
176,Banswara,INC,1701740,Shri  Tarachand  Bhagora                                           ,Rajasthan                                                   ,22,0,2,6518752,1122163,0.261053036,0.846153846
190,Jhalawar-Baran,BJP,2155829,Shri  Dushyant  Singh                                             ,Rajasthan                                                   ,21,0,2,64110900,2779153,0.03362656,0.807692308
231,Alwar,INC,1799858,Shri  Jitendra  Singh Malik                                       ,Rajasthan                                                   ,19,0,1,67967810,0,0.026481036,0.730769231
250,Jalore,BJP,1923250,Shri  Devji M.  Patel                                             ,Rajasthan                                                   ,18,0,1,11261830,0,0.170775975,0.692307692
342,Jodhpur,INC,1411442,Smt.  Chandresh  Kumari                                            ,Rajasthan                                                   ,0,0,1,132881067,60744,0.010621844,0
348,Jaipur Rural,INC,1400570,Shri  Lal Chand  Kataria                                           ,Rajasthan                                                   ,0,0,1,30650401,702835,0.045694998,0
28,Tiruchirappalli,ADMK,2004991,Shri  P.  Kumar                                             ,Tamil Nadu                                                  ,26,0,2,5345000,806395,0.375115248,1
15,Viluppuram,ADMK,1249460,Shri  M.  Anandan                                           ,Tamil Nadu                                                  ,26,0,1,8938646,967994,0.139781797,1
40,Tenkasi,CPI,1865365,Shri  P.  Lingam                                            ,Tamil Nadu                                                  ,26,0,1,159365,23014,11.70498541,1
53,Arani,INC,1741985,Shri  M.  Krishnaswamy                                      ,Tamil Nadu                                                  ,25,0,2,62385765,16792067,0.027922796,0.961538462
57,Tirunelveli,INC,2012739,Shri  S. S.  Ramasubbu                                         ,Tamil Nadu                                                  ,25,0,2,34706447,1807386,0.057993231,0.961538462
78,Karur,ADMK,515575,Dr.  M.  Thambidurai                                       ,Tamil Nadu                                                  ,25,2,2,93750227,0,0.005499453,0.961538462
86,Kanniyakumari,DMK,870980,Smt.  J. Helen Davidson  ,Tamil Nadu                                                  ,24,0,2,48455728,2123538,0.017974758,0.923076923
109,Tiruvallur,ADMK,1281256,Shri  P.  Venugopal                                         ,Tamil Nadu                                                  ,24,0,2,2074236,350000,0.617700204,0.923076923
122,Salem,ADMK,783049,Shri  S.  Semmalai                                          ,Tamil Nadu                                                  ,24,2,2,46220339,59000,0.016941654,0.923076923
100,Kancheepuram,INC,947445,Shri  P.  Viswanathan                                       ,Tamil Nadu                                                  ,24,0,1,5685495,2246494,0.166642482,0.923076923
153,Tiruppur,ADMK,309712,Shri  C.  Sivasami                                          ,Tamil Nadu                                                  ,23,3,2,51892954,0,0.005968286,0.884615385
135,Dindigul,INC,941188,Shri  N.S.V.  Chitthan                                          ,Tamil Nadu                                                  ,23,0,1,17035764,0,0.055247772,0.884615385
160,Chennai South,ADMK,639049,Shri  C.  Rajendran                                         ,Tamil Nadu                                                  ,22,0,2,27966678,0,0.022850372,0.846153846
158,Sriperumbudur,DMK,521150,Shri  T.R.  Baalu                                             ,Tamil Nadu                                                  ,22,0,1,76971478,0,0.00677069,0.846153846
170,Vellore,DMK,1480724,Shri    Abdul Rahman                                      ,Tamil Nadu                                                  ,22,0,1,12547128,3297328,0.118012983,0.846153846
171,Cuddalore,INC,1583087,Shri  S.  Alagiri                                           ,Tamil Nadu                                                  ,22,0,1,11866846,78136525,0.133404192,0.846153846
162,Tiruvannamalai,DMK,1755703,Shri  D.  Venugopal                                         ,Tamil Nadu                                                  ,22,0,0,57010000,1538546,0.030796404,0.846153846
210,Erode,MDMK,923980,Shri  A.  Ganeshamurthi                                     ,Tamil Nadu                                                  ,21,1,1,26729518,1085323,0.034567776,0.807692308
238,Kallakurichi,DMK,648229,Shri    Adhi Sankar                                       ,Tamil Nadu                                                  ,19,1,2,17837266,986068,0.036341276,0.730769231
241,Theni,INC,461540,Shri  J.M.  Aaron Rashid                                      ,Tamil Nadu                                                  ,18,0,1,248974573,2191815,0.001853764,0.692307692
257,Mayiladuthurai,ADMK,1610540,Shri  O. S.  Manian                                            ,Tamil Nadu                                                  ,18,1,1,8635089,2000000,0.186511106,0.692307692
269,Nagapattinam,DMK,1725895,Shri  A.K.S.  Vijayan                                           ,Tamil Nadu                                                  ,17,0,1,7205000,1127000,0.239541291,0.653846154
284,Chidambaram,VCK,1498974,Shri  Thol Thirumaavalavan  ,Tamil Nadu                                                  ,16,2,2,2347700,881000,0.638486178,0.615384615
288,Thoothukkudi,DMK,1256316,Shri  S. R.  Jeyadurai                                         ,Tamil Nadu                                                  ,15,0,1,87526313,1090000,0.014353581,0.576923077
208,Tripura East,CPM,2019184,Shri  Baju Ban  Riyan                                             ,Tripura                                                     ,21,0,1,3695981,0,0.546318826,0.807692308
327,Tripura West,CPM,1740286,Shri  Khagen  Das                                               ,Tripura                                                     ,9,0,2,3492580,0,0.498280927,0.346153846
7,Barabanki,INC,1065784,Shri  P.L.  Punia                                             ,Uttar Pradesh                                               ,26,0,2,14047833,995370,0.075868214,1
23,Faizabad,INC,1972135,Dr.  Nirmal  Khatri                                            ,Uttar Pradesh                                               ,26,0,2,6670000,5771,0.295672414,1
27,Kheri,INC,1380047,Shri  Zafar Ali  Naqvi                                             ,Uttar Pradesh                                               ,26,0,2,3979881,0,0.346755845,1
36,Meerut,BJP,1302914,Shri  Rajendra  Agarwal                                           ,Uttar Pradesh                                               ,26,0,2,2121825,315620,0.614053468,1
44,Jalaun,SP,1919879,Shri  Ghanshyam  Anuragi                                           ,Uttar Pradesh                                               ,26,2,2,6350833,0,0.302303493,1
46,Chandauli,SP,2295434,Shri    Ramkishun                                         ,Uttar Pradesh                                               ,26,10,2,4672785,0,0.491234671,1
11,Basti,BSP,2090905,Shri  Arvind Kumar  Chaudhary                                         ,Uttar Pradesh                                               ,26,0,1,18643936,0,0.112149334,1
42,Bahraich,INC,1739339,Shri  Kamal  Kishor   Commando                                 ,Uttar Pradesh                                               ,26,1,1,1373495,0,1.266359907,1
60,Allahabad,SP,1481601,Kunwar  Rewati Raman  Singh                                             ,Uttar Pradesh                                               ,25,0,2,18640164,226475,0.079484333,0.961538462
64,Lalganj,BSP,1786846,Dr.    Bali Ram                                          ,Uttar Pradesh                                               ,25,0,2,8003036,638922,0.223271019,0.961538462
75,Bareilly,INC,1131425,Shri  Praveen Singh  Aron                                              ,Uttar Pradesh                                               ,25,1,2,288019293,32622036,0.003928296,0.961538462
77,Varanasi,BJP,1866940,Dr.  Murli Manohar  Joshi                                             ,Uttar Pradesh                                               ,25,1,2,54475345,0,0.034271284,0.961538462
79,Kaiserganj,SP,2318057,Shri  Brij Bhushan Sharan  Singh                                             ,Uttar Pradesh                                               ,25,2,2,53537885,0,0.043297508,0.961538462
84,Fatehpur,SP,2293831,Shri  Rakesh  Sachan                                            ,Uttar Pradesh                                               ,25,7,2,40955595,0,0.056007757,0.961538462
56,Saharanpur,BSP,946500,Shri  Jagdish Singh  Rana                                              ,Uttar Pradesh                                               ,25,0,1,18867277,298187,0.050166222,0.961538462
58,Ballia,SP,1707194,Shri  Neeraj  Shekhar                                           ,Uttar Pradesh                                               ,25,0,1,27718262,15100000,0.061590947,0.961538462
66,Machhlishahr,SP,1351016,Shri  Tufani  Saroj                                             ,Uttar Pradesh                                               ,25,0,1,5336133,0,0.253182595,0.961538462
67,Sambhal,BSP,1879685,Dr.  Shafiqur Rahman  Barq                                              ,Uttar Pradesh                                               ,25,0,1,7059763,0,0.266253272,0.961538462
76,Unnao,INC,1660262,Smt.  Annu  Tandon                                            ,Uttar Pradesh                                               ,25,1,1,421352753,0,0.003940314,0.961538462
81,Ambedkar Nagar,BSP,1298878,Shri  Rakesh  Pandey                                            ,Uttar Pradesh                                               ,25,3,0,164078904,0,0.007916179,0.961538462
92,Mohanlalganj,SP,1786045,Smt.  Sushila  Saroj                                             ,Uttar Pradesh                                               ,24,0,2,28680230,2452429,0.062274431,0.923076923
106,Badaun,SP,1810281,Shri  Dharmendra  Yadav                                             ,Uttar Pradesh                                               ,24,0,2,5682299,98000,0.318582496,0.923076923
127,Shrawasti,INC,991118,"Dr.  Vinay Kumar  Panday ""Vinnu""                                    ",Uttar Pradesh                                               ,24,4,2,15743200,589157,0.062955308,0.923076923
107,Salempur,BSP,874131,Shri  Ramashankar  Rajbhar                                           ,Uttar Pradesh                                               ,24,0,1,2305000,0,0.379232538,0.923076923
121,Nagina,SP,2098107,Shri  Yashvir  Singh                                             ,Uttar Pradesh                                               ,24,1,1,784562,0,2.674239894,0.923076923
112,Robertsganj,SP,1364551,Shri  Pakauri  Lal                                               ,Uttar Pradesh                                               ,24,0,0,1762515,0,0.774206744,0.923076923
142,Akbarpur,INC,1505179,Shri  Raja Ram  Pal                                               ,Uttar Pradesh                                               ,23,0,2,4400000,838099,0.342086136,0.884615385
149,Ghaziabad,BJP,1733961,Shri  Rajnath  Singh                                             ,Uttar Pradesh                                               ,23,1,2,14902703,0,0.116352114,0.884615385
155,Phulpur,BSP,1638746,Shri  Kapil Muni  Karwariya                                         ,Uttar Pradesh                                               ,23,4,2,0,0,#DIV/0!,0.884615385
133,Aligarh,BSP,1017745,Smt.  Raj Kumari  Chauhan                                           ,Uttar Pradesh                                               ,23,0,1,34034506,0,0.029903328,0.884615385
151,Etawah,SP,5739096,Shri  Premdas  Katheria                                          ,Uttar Pradesh                                               ,23,1,1,4228828,0,1.357136303,0.884615385
157,Mirzapur,SP,1134920,Shri  Bal Kumar  Patel                                             ,Uttar Pradesh                                               ,23,10,1,22978000,11695272,0.049391592,0.884615385
161,Hamirpur,BJP,1217050,Shri  Vijay Bahadur  Singh                                             ,Uttar Pradesh                                               ,22,0,2,42956873,623689,0.028331904,0.846153846
164,Hamirpur,BSP,1692822,Shri  Vijay Bahadur  Singh                                             ,Uttar Pradesh                                               ,22,0,2,42956873,623689,0.039407477,0.846153846
159,Sant Kabir Nagar,BSP,447007,Shri  Bhisma  Shankar Alias Kushal Tiwari                       ,Uttar Pradesh                                               ,22,0,1,31926944,1125920,0.014000933,0.846153846
167,Hamirpur,BJP,1217050,Shri  Vijay Bahadur  Singh                                             ,Uttar Pradesh                                               ,22,0,1,24150103,2504550,0.05039523,0.846153846
168,Hamirpur,BSP,1692822,Shri  Vijay Bahadur  Singh                                             ,Uttar Pradesh                                               ,22,0,1,24150103,2504550,0.07009585,0.846153846
169,Deoria,BSP,1986126,Shri  Gorakh Prasad  Jaiswal                                           ,Uttar Pradesh                                               ,22,0,1,24217040,0,0.082013574,0.846153846
183,Banda,SP,1631812,Shri  R.K. Singh  Patel                                             ,Uttar Pradesh                                               ,22,1,1,34107955,0,0.047842563,0.846153846
188,Pratapgarh,INC,2101388,Rajkumari  Ratna  Singh                                             ,Uttar Pradesh                                               ,22,5,1,678270725,1002000,0.003098155,0.846153846
204,Hardoi,SP,1324205,Smt.  Usha  Verma                                             ,Uttar Pradesh                                               ,21,0,2,10111699,500000,0.130957715,0.807692308
195,Fatehpur Sikri,BSP,1585675,Smt.  Seema  Upadhyay                                          ,Uttar Pradesh                                               ,21,0,1,26545096,1595708,0.059735139,0.807692308
197,Moradabad,INC,1756278,Shri  Mohammed  Azharuddin                                        ,Uttar Pradesh                                               ,21,0,1,25233948,565160,0.069599811,0.807692308
198,Kairana,BSP,972643,  Smt. Tabassum  Hasan  ,Uttar Pradesh                                               ,21,0,1,11667328,0,0.083364674,0.807692308
201,Shahjahanpur,SP,941436,Shri    Mithlesh Kumar                                    ,Uttar Pradesh                                               ,21,0,1,8035655,1746024,0.117157344,0.807692308
214,Maharajganj,INC,1045822,Shri  Harsh  Vardhan                                           ,Uttar Pradesh                                               ,21,2,1,10145601,450000,0.103081326,0.807692308
215,Gorakhpur,BJP,1450320,Shri  Yogi  Adityanath                                        ,Uttar Pradesh                                               ,21,2,1,2182212,0,0.664610038,0.807692308
222,Sultanpur,INC,1043965,Dr.  Sanjay  Singh                                             ,Uttar Pradesh                                               ,20,0,2,62259720,0,0.016767904,0.769230769
224,Amethi,INC,1108872,Shri  Rahul  Gandhi                                            ,Uttar Pradesh                                               ,20,0,2,23274706,2335000,0.047642793,0.769230769
229,Bulandshahr,SP,1490747,Shri  Kamlesh  Balmiki                                           ,Uttar Pradesh                                               ,20,0,0,844005,0,1.766277451,0.769230769
233,Bijnor,RLD,1294228,Shri  Sanjay Singh  Chauhan                                           ,Uttar Pradesh                                               ,19,0,2,35352625,5254245,0.036609106,0.730769231
239,Mathura,RLD,1964153,Shri  Jayant  Chaudhary                                         ,Uttar Pradesh                                               ,19,1,2,30204219,288327,0.065029094,0.730769231
256,Hathras,RLD,1535094,Smt.  Sarika  D.S. Baghel                                       ,Uttar Pradesh                                               ,18,0,2,825272,0,1.860106728,0.692307692
266,Kannauj,SP,2673865,Shri  Akhilesh  Yadav                                             ,Uttar Pradesh                                               ,17,0,2,48582202,7726354,0.055037954,0.653846154
270,Agra,BJP,1068822,Prof.(Dr.)  Ram Shankar  Katheria                                          ,Uttar Pradesh                                               ,17,0,2,1511000,639959,0.707360688,0.653846154
295,Jaunpur,BSP,2153829,Shri  Dhananjay  Singh                                             ,Uttar Pradesh                                               ,15,1,2,4362656,678982,0.49369673,0.576923077
287,Rampur,SP,1320110,Smt.  Jaya Prada  Nahata                                            ,Uttar Pradesh                                               ,15,0,1,131490118,1398995,0.010039614,0.576923077
298,Pilibhit,BJP,1778475,Shri    Varun  Gandhi                                            ,Uttar Pradesh                                               ,15,6,1,49267810,0,0.036098114,0.576923077
300,Azamgarh,BJP,1797108,Shri  Ramakant  Yadav                                             ,Uttar Pradesh                                               ,15,11,1,24494000,0,0.073369315,0.576923077
318,Aonla,BJP,1083303,Smt.  Maneka  Gandhi                                            ,Uttar Pradesh                                               ,12,1,1,175685977,0,0.006166132,0.461538462
319,Amroha,RLD,1091688,Shri  Devendra  Nagpal                                            ,Uttar Pradesh                                               ,12,6,1,132425712,13960788,0.008243777,0.461538462
316,Sitapur,BSP,1763489,Smt.  Kaisar  Jahan                                             ,Uttar Pradesh                                               ,12,0,0,6553956,0,0.26907245,0.461538462
329,Muzaffarnagar,BSP,1156040,Shri  Kadir  Rana                                              ,Uttar Pradesh                                               ,8,4,0,58451906,0,0.019777627,0.307692308
334,Lucknow,BJP,1651350,Shri  Lalji  Tandon                                            ,Uttar Pradesh                                               ,5,0,1,21700160,0,0.076098517,0.192307692
345,Baghpat,RLD,1304886,Shri  Ajit  Singh                                             ,Uttar Pradesh                                               ,0,0,2,58232462,13077,0.022408223,0
349,Gonda,INC,1177485,Shri  Beni Prasad  Verma                                             ,Uttar Pradesh                                               ,0,0,2,20183574,80932,0.058338776,0
39,Almora,INC,1941954,Shri  Pradeep  Tamta                                             ,Uttarakhand                                                 ,26,0,2,1590000,0,1.221354717,1
51,Garhwal,INC,1725916,Shri  Satpal  Maharaj                                           ,Uttarakhand                                                 ,25,0,1,112136795,0,0.015391166,0.961538462
138,Tehri Garhwal,INC,1532942,Shri  Vijay  Bahuguna                                          ,Uttarakhand                                                 ,23,0,2,13501773,0,0.113536348,0.884615385
247,Nainital-Udhamsingh Nagar,INC,2237714,Shri  K.C.  Singh Baba                                        ,Uttarakhand                                                 ,18,0,1,43987049,649024,0.05087211,0.692307692
367,Hardwar,INC,1807928,Shri  Harish  Rawat                                             ,Uttarakhand                                                 ,0,1,2,11825335,0,0.152885986,0
17,Bardhaman Purba,CPM,1249177,Dr.  Anup Kumar  Saha                                              ,West Bengal                                                 ,26,0,2,7472944,0,0.167159957,1
24,Jhargram,CPM,502811,Shri  Pulin Bihari  Baske                                             ,West Bengal                                                 ,26,0,2,1484298,0,0.338753404,1
26,Ghatal,CPI,1262689,Shri  Gurudas  Das Gupta                                         ,West Bengal                                                 ,26,0,2,3654001,0,0.345563397,1
35,Medinipur,CPI,1161022,Shri  Prabodh  Panda                                             ,West Bengal                                                 ,26,0,1,2230746,362156,0.520463558,1
70,Bankura,CPM,1320108,Shri  Basudeb  Acharia                                           ,West Bengal                                                 ,25,0,2,3249037,0,0.406307469,0.961538462
73,Bardhaman-Durgapur,CPM,1552329,Sk.   Saidul  Haque                                             ,West Bengal                                                 ,25,0,2,2414520,128172,0.64291412,0.961538462
74,Bishnupur,CPM,1306006,Smt.  Susmita  Bauri                                             ,West Bengal                                                 ,25,0,2,1078000,174660,1.211508349,0.961538462
98,Hooghly,AITC,1210703,Dr.  Ratna  De (Nag)                                          ,West Bengal                                                 ,24,0,2,8730448,0,0.13867593,0.923076923
113,Bangaon,AITC,2374160,Shri  Gobinda Chandra  Naskar                                            ,West Bengal                                                 ,24,0,2,2549515,0,0.931220252,0.923076923
146,Bolpur,CPM,1460806,Dr.  Ram Chandra  Dome                                              ,West Bengal                                                 ,23,0,2,739396,0,1.97567474,0.884615385
136,Birbhum,AITC,1097610,Smt.  Satabdi  Roy                                               ,West Bengal                                                 ,23,0,1,13148000,526321,0.083481138,0.884615385
156,Krishnanagar,AITC,1541300,Shri  Tapas  Paul                                              ,West Bengal                                                 ,23,5,1,9614227,0,0.160314501,0.884615385
165,Barrackpur,AITC,1301967,Shri  Dinesh  Trivedi                                           ,West Bengal                                                 ,22,0,2,27203930,0,0.047859519,0.846153846
173,Ranaghat,AITC,2178194,Dr.  Sucharu Ranjan  Haldar                                            ,West Bengal                                                 ,22,0,2,10882896,0,0.20014838,0.846153846
193,Sreerampur,AITC,907777,Shri  Kalyan  Banerjee                                          ,West Bengal                                                 ,21,0,2,16146266,2125000,0.056222101,0.807692308
206,Kolkata Uttar,AITC,1721663,Shri  Sudip  Bandyopadhyay                                     ,West Bengal                                                 ,21,0,1,4187479,196283,0.411145465,0.807692308
227,Purulia,AIFB,1604445,Shri  Narahari  Mahato                                            ,West Bengal                                                 ,20,0,2,3086000,400000,0.519910888,0.769230769
228,Balurghat,RSP,1690214,Shri  Prasanta Kumar  Majumdar                                          ,West Bengal                                                 ,20,0,2,1676454,0,1.008207801,0.769230769
235,Jadavpur,AITC,1643805,Shri  Kabir  Suman                                             ,West Bengal                                                 ,19,0,1,3206685,0,0.512618171,0.730769231
236,Alipurduars,RSP,1244623,Shri  Manohar  Tirkey                                            ,West Bengal                                                 ,19,0,1,2358725,0,0.527667702,0.730769231
252,Jalpaiguri,CPM,1091790,Shri  Mahendra Kumar  Roy                                               ,West Bengal                                                 ,18,0,2,2878591,0,0.379279307,0.692307692
255,Asansol,CPM,1469929,Shri  Bansagopal  Chowdhury                                         ,West Bengal                                                 ,18,0,1,1423763,0,1.03242534,0.692307692
280,Dum Dum,AITC,1929495,Prof.  Saugata  Ray                                               ,West Bengal                                                 ,16,0,2,3971408,0,0.485846581,0.615384615
281,Maldaha Uttar,INC,1400841,Ms.  Mausam  Noor                                              ,West Bengal                                                 ,16,0,2,1847359,234488,0.758293867,0.615384615
283,Murshidabad,INC,1285460,Shri  Abdul Mannan  Hossain                                           ,West Bengal                                                 ,16,1,1,1709788,1006391,0.751824203,0.615384615
302,Barasat,AITC,1932569,Dr.  Kakoli Ghosh  Dastidar                                          ,West Bengal                                                 ,14,0,2,12576309,335000,0.153667423,0.538461538
304,Basirhat,AITC,1729056,Shri  S.K. Nurul  Islam                                             ,West Bengal                                                 ,14,0,1,1155500,807500,1.496370402,0.538461538
315,Diamond Harbour,AITC,1518890,Shri  Somendranath  Mitra                                             ,West Bengal                                                 ,12,0,2,14730832,157500,0.103109587,0.461538462
314,Darjeeling,BJP,1169618,Shri  Jaswant  Singh                                             ,West Bengal                                                 ,12,0,1,83571845,744864,0.013995359,0.461538462
328,Tamluk,AITC,1274375,Shri    Suvendu   Adhikari                                ,West Bengal                                                 ,8,3,1,4751934,0,0.268180282,0.307692308
336,Mathurapur,AITC,651097,  Choudhury Mohan  Jatua                                             ,West Bengal                                                 ,2,0,2,2585000,0,0.251875048,0.076923077
354,Raiganj,INC,1613946,Smt.  Deepa  Dasmunsi                                          ,West Bengal                                                 ,0,0,2,12514145,0,0.128969738,0
356,Maldaha Dakshin,INC,1597521,Shri  A.H.   Khan  Choudhury                                         ,West Bengal                                                 ,0,0,2,8782797,0,0.181892056,0
368,Baharampur,INC,1950856,Shri  Adhir Ranjan  Chowdhury                                         ,West Bengal                                                 ,0,4,1,29943557,1926083,0.065151111,0
